pred_date,game_pk,away_team,home_team,model_version,pred_home_win_pct,pred_total,pred_margin,status,actual_away,actual_home,home_won,correct,brier,total_abs_err,margin_abs_err
2026-05-01,823389,CIN,PIT,v1.1-homefield,0.59,8.79,-1.19,settled,1.0,9.0,1.0,1.0,0.1681,1.21,6.81
2026-05-01,822990,SF,TB,v1.1-homefield,0.6033,7.64,-0.97,settled,0.0,3.0,1.0,1.0,0.1573,4.64,2.03
2026-05-01,822744,MIL,WSH,v1.1-homefield,0.5,8.88,-0.06,settled,6.0,1.0,0.0,1.0,0.25,1.88,5.06
2026-05-01,823066,LAD,STL,v1.1-homefield,0.4067,8.59,1.12,settled,2.0,7.0,1.0,0.0,0.352,0.41,6.12
2026-05-01,823877,PHI,MIA,v1.1-homefield,0.5,7.99,-0.36,settled,6.0,5.0,0.0,1.0,0.25,3.01,1.36
2026-05-01,823309,CWS,SD,v1.1-homefield,0.5233,8.39,-0.38,settled,8.0,2.0,0.0,0.0,0.2739,1.61,6.38
2026-05-01,824772,HOU,BOS,v1.1-homefield,0.5733,10.37,-0.65,settled,1.0,3.0,1.0,1.0,0.182,6.37,1.35
2026-05-01,824041,NYM,LAA,v1.1-homefield,0.4967,8.91,-0.15,settled,4.0,3.0,0.0,1.0,0.2467,1.91,1.15
2026-05-01,823146,KC,SEA,v1.1-homefield,0.57,7.34,-0.73,settled,7.0,6.0,0.0,0.0,0.3249,5.66,1.73
2026-05-01,824366,ATL,COL,v1.1-homefield,0.4767,11.96,0.37,settled,8.0,6.0,0.0,1.0,0.2272,2.04,1.63
2026-05-01,823557,BAL,NYY,v1.1-homefield,0.5933,9.79,-1.08,settled,2.0,7.0,1.0,1.0,0.1654,0.79,3.92
2026-05-02,823715,TOR,MIN,v1.1-homefield,0.5033,8.71,-0.31,settled,11.0,4.0,0.0,0.0,0.2533,6.29,7.31
2026-05-02,822988,SF,TB,v1.1-homefield,0.4467,7.67,0.44,settled,1.0,5.0,1.0,0.0,0.3062,1.67,4.44
2026-05-02,824685,AZ,CHC,v1.1-homefield,0.5833,8.52,-0.72,settled,0.0,2.0,1.0,1.0,0.1736,6.52,1.28
2026-05-02,823067,LAD,STL,v1.1-homefield,0.5133,8.74,-0.15,settled,2.0,3.0,1.0,1.0,0.2368,3.74,0.85
2026-05-02,823308,CWS,SD,v1.1-homefield,0.69,8.44,-1.77,settled,4.0,0.0,0.0,0.0,0.4761,4.44,5.77
2026-05-02,824284,TEX,DET,v1.1-homefield,0.57,8.63,-0.61,settled,1.0,5.0,1.0,1.0,0.1849,2.63,3.39
2026-05-02,824365,ATL,COL,v1.1-homefield,0.38,10.3,1.1,settled,9.0,1.0,0.0,1.0,0.1444,0.3,6.9
2026-05-02,824771,HOU,BOS,v1.1-homefield,0.5233,9.27,-0.52,settled,6.0,3.0,0.0,0.0,0.2739,0.27,3.52
2026-05-02,825014,CLE,ATH,v1.1-homefield,0.5867,8.41,-0.84,settled,14.0,6.0,0.0,0.0,0.3442,11.59,8.84
2026-05-02,823388,CIN,PIT,v1.1-homefield,0.5567,8.78,-0.88,settled,7.0,17.0,1.0,1.0,0.1965,15.22,9.12
2026-05-02,823876,PHI,MIA,v1.1-homefield,0.6667,8.91,-1.73,settled,0.0,4.0,1.0,1.0,0.1111,4.91,2.27
2026-05-02,822746,MIL,WSH,v1.1-homefield,0.6233,8.71,-0.73,settled,4.0,1.0,0.0,0.0,0.3885,3.71,3.73
2026-05-03,823145,KC,SEA,v1.1-homefield,0.4733,8.25,-0.08,settled,4.0,1.0,0.0,1.0,0.224,3.25,3.08
2026-05-03,823387,CIN,PIT,v1.1-homefield,0.5967,8.32,-1.0,settled,0.0,1.0,1.0,1.0,0.1627,7.32,0.0
2026-05-03,825013,CLE,ATH,v1.1-homefield,0.4567,7.45,0.34,settled,1.0,7.0,1.0,0.0,0.2952,0.55,6.34
2026-05-03,824285,TEX,DET,v1.1-homefield,0.5733,8.66,-0.52,settled,1.0,7.0,1.0,1.0,0.182,0.66,5.48
2026-05-03,823065,LAD,STL,v1.1-homefield,0.44,9.04,0.65,settled,4.0,1.0,0.0,1.0,0.1936,4.04,2.35
2026-05-03,823555,BAL,NYY,v1.1-homefield,0.6433,8.93,-1.65,settled,3.0,11.0,1.0,1.0,0.1272,5.07,6.35
2026-05-03,822742,MIL,WSH,v1.1-homefield,0.5067,8.74,-0.28,settled,2.0,3.0,1.0,1.0,0.2434,3.74,0.72
2026-05-03,824364,ATL,COL,v1.1-homefield,0.5267,12.37,-0.46,settled,11.0,6.0,0.0,0.0,0.2774,4.63,5.46
2026-05-04,824363,NYM,COL,v1.1-homefield,0.4833,10.58,0.59,settled,4.0,2.0,0.0,1.0,0.2336,4.58,1.41
2026-05-04,823064,MIL,STL,v1.1-homefield,0.5067,8.92,0.09,settled,3.0,6.0,1.0,1.0,0.2434,0.08,3.09
2026-05-04,823143,ATL,SEA,v1.1-homefield,0.52,7.28,-0.06,settled,4.0,5.0,1.0,1.0,0.2304,1.72,0.94
2026-05-04,823874,PHI,MIA,v1.1-homefield,0.53,8.81,-0.41,settled,1.0,0.0,0.0,0.0,0.2809,7.81,1.41
2026-05-04,824120,CLE,KC,v1.1-homefield,0.5867,9.45,-1.03,settled,2.0,6.0,1.0,1.0,0.1708,1.45,2.97
2026-05-04,824283,BOS,DET,v1.1-homefield,0.5,8.73,-0.05,settled,5.0,4.0,0.0,1.0,0.25,0.27,1.05
2026-05-04,822984,TOR,TB,v1.1-homefield,0.6167,8.05,-0.96,settled,1.0,5.0,1.0,1.0,0.1469,2.05,3.04
2026-05-04,823228,SD,SF,v1.1-homefield,0.5,7.15,0.07,settled,2.0,3.0,1.0,0.0,0.25,2.15,1.07
2026-05-05,824040,CWS,LAA,v1.1-homefield,0.53,8.95,-0.43,settled,3.0,4.0,1.0,1.0,0.2209,1.95,0.57
2026-05-05,824119,CLE,KC,v1.1-homefield,0.5833,8.01,-0.32,settled,3.0,5.0,1.0,1.0,0.1736,0.01,1.68
2026-05-05,823142,ATL,SEA,v1.1-homefield,0.49,7.98,-0.06,settled,3.0,2.0,0.0,1.0,0.2401,2.98,1.06
2026-05-05,824200,LAD,HOU,v1.1-homefield,0.5167,8.85,0.21,settled,1.0,2.0,1.0,1.0,0.2336,5.85,1.21
2026-05-05,823553,TEX,NYY,v1.1-homefield,0.5033,8.17,0.13,settled,4.0,7.0,1.0,1.0,0.2467,2.83,3.13
2026-05-05,822743,MIN,WSH,v1.1-homefield,0.47,8.85,0.38,settled,11.0,3.0,0.0,1.0,0.2209,5.15,7.62
2026-05-05,825092,PIT,AZ,v1.1-homefield,0.44,9.21,0.43,settled,0.0,9.0,1.0,0.0,0.3136,0.21,9.43
2026-05-05,823469,ATH,PHI,v1.1-homefield,0.5733,9.4,-0.98,settled,1.0,9.0,1.0,1.0,0.182,0.6,7.02
2026-05-05,824281,BOS,DET,v1.1-homefield,0.53,8.03,-0.07,settled,10.0,3.0,0.0,0.0,0.2809,4.97,7.07
2026-05-06,824282,BOS,DET,v1.1-homefield,0.5133,8.39,-0.05,settled,4.0,0.0,0.0,0.0,0.2635,4.39,4.05
2026-05-06,825091,PIT,AZ,v1.1-homefield,0.4467,8.55,0.82,settled,1.0,0.0,0.0,1.0,0.1995,7.55,0.18
2026-05-06,824118,CLE,KC,v1.1-homefield,0.4833,9.12,-0.04,settled,3.0,1.0,0.0,1.0,0.2336,5.12,2.04
2026-05-06,823226,SD,SF,v1.1-homefield,0.5133,6.82,0.0,settled,5.0,1.0,0.0,0.0,0.2635,0.82,4.0
2026-05-06,822985,TOR,TB,v1.1-homefield,0.5367,8.49,-0.7,settled,0.0,3.0,1.0,1.0,0.2147,5.49,2.3
2026-05-06,824683,CIN,CHC,v1.1-homefield,0.6067,8.7,-1.38,settled,6.0,7.0,1.0,1.0,0.1547,4.3,0.38
2026-05-06,822740,MIN,WSH,v1.1-homefield,0.4967,8.75,0.06,settled,2.0,15.0,1.0,0.0,0.2533,8.25,13.06
2026-05-06,824361,NYM,COL,v1.1-homefield,0.4433,11.25,0.78,settled,10.0,5.0,0.0,1.0,0.1965,3.75,4.22
2026-05-07,824681,CIN,CHC,v1.1-homefield,0.6867,8.26,-2.01,settled,3.0,8.0,1.0,1.0,0.0982,2.74,2.99
2026-05-07,823467,ATH,PHI,v1.1-homefield,0.4633,10.79,0.39,settled,12.0,1.0,0.0,1.0,0.2147,2.21,10.61
2026-05-07,824117,CLE,KC,v1.1-homefield,0.5367,8.96,-0.48,settled,8.0,5.0,0.0,0.0,0.288,4.04,3.48
2026-05-07,823870,BAL,MIA,v1.1-homefield,0.6133,7.74,-1.27,settled,3.0,4.0,1.0,1.0,0.1495,0.74,0.27
2026-05-07,824767,TB,BOS,v1.1-homefield,0.5067,9.69,-0.06,settled,8.0,4.0,0.0,0.0,0.2567,2.31,4.06
2026-05-07,823551,TEX,NYY,v1.1-homefield,0.6033,9.59,-1.11,settled,2.0,9.0,1.0,1.0,0.1573,1.41,5.89
2026-05-08,824846,ATH,BAL,v1.1-homefield,0.5033,11.38,0.13,settled,4.0,3.0,0.0,0.0,0.2533,4.38,0.87
2026-05-08,823303,STL,SD,v1.1-homefield,0.5367,7.49,-0.59,settled,6.0,0.0,0.0,0.0,0.288,1.49,6.59
2026-05-08,823225,PIT,SF,v1.1-homefield,0.5967,7.12,-0.83,settled,2.0,5.0,1.0,1.0,0.1627,0.12,2.17
2026-05-08,824443,MIN,CLE,v1.1-homefield,0.5833,7.68,-0.71,settled,4.0,6.0,1.0,1.0,0.1736,2.32,1.29
2026-05-08,824607,SEA,CWS,v1.1-homefield,0.5,8.22,0.03,settled,12.0,8.0,0.0,1.0,0.25,11.78,3.97
2026-05-08,823957,ATL,LAD,v1.1-homefield,0.48,8.57,0.09,settled,1.0,3.0,1.0,0.0,0.2704,4.57,2.09
2026-05-08,824522,HOU,CIN,v1.1-homefield,0.63,10.18,-1.39,settled,10.0,0.0,0.0,0.0,0.3969,0.18,11.39
2026-05-08,824768,TB,BOS,v1.1-homefield,0.5067,9.73,0.02,settled,0.0,2.0,1.0,1.0,0.2434,7.73,2.02
2026-05-09,825089,NYM,AZ,v1.1-homefield,0.52,9.36,-0.19,settled,1.0,2.0,1.0,1.0,0.2304,6.36,0.81
2026-05-09,823792,NYY,MIL,v1.1-homefield,0.4733,9.09,-0.03,settled,3.0,4.0,1.0,0.0,0.2774,2.09,0.97
2026-05-09,823304,STL,SD,v1.1-homefield,0.6,7.65,-0.9,settled,2.0,4.0,1.0,1.0,0.16,1.65,1.1
2026-05-09,824444,MIN,CLE,v1.1-homefield,0.5667,7.49,-0.46,settled,2.0,1.0,0.0,0.0,0.3211,4.49,1.46
2026-05-09,823468,COL,PHI,v1.1-homefield,0.5567,10.76,-0.33,settled,3.0,9.0,1.0,1.0,0.1965,1.24,5.67
2026-05-09,823869,WSH,MIA,v1.1-homefield,0.6567,7.67,-1.59,settled,7.0,8.0,1.0,1.0,0.1179,7.33,0.59
2026-05-09,822905,CHC,TEX,v1.1-homefield,0.5033,8.87,-0.17,settled,0.0,6.0,1.0,1.0,0.2467,2.87,5.83
2026-05-09,823955,ATL,LAD,v1.1-homefield,0.61,9.83,-1.28,settled,7.0,2.0,0.0,0.0,0.3721,0.83,6.28
2026-05-09,823224,PIT,SF,v1.1-homefield,0.5367,7.8,-0.5,settled,13.0,3.0,0.0,0.0,0.288,8.2,10.5
2026-05-10,825085,NYM,AZ,v1.1-homefield,0.5233,8.79,0.04,settled,1.0,5.0,1.0,1.0,0.2272,2.79,4.04
2026-05-10,824520,HOU,CIN,v1.1-homefield,0.51,9.97,0.15,settled,0.0,5.0,1.0,1.0,0.2401,4.97,5.15
2026-05-10,823868,WSH,MIA,v1.1-homefield,0.6733,8.48,-1.82,settled,2.0,5.0,1.0,1.0,0.1067,1.48,1.18
2026-05-10,823463,COL,PHI,v1.1-homefield,0.6233,9.89,-1.31,settled,0.0,6.0,1.0,1.0,0.1419,3.89,4.69
2026-05-10,824605,SEA,CWS,v1.1-homefield,0.4733,8.03,0.22,settled,1.0,2.0,1.0,0.0,0.2774,5.03,1.22
2026-05-10,823793,NYY,MIL,v1.1-homefield,0.5067,7.73,0.09,settled,3.0,4.0,1.0,1.0,0.2434,0.73,1.09
2026-05-10,823221,PIT,SF,v1.1-homefield,0.4933,7.83,0.15,settled,6.0,7.0,1.0,0.0,0.2567,5.17,1.15
2026-05-10,823305,STL,SD,v1.1-homefield,0.5433,8.46,-0.64,settled,2.0,3.0,1.0,1.0,0.2085,3.46,0.36
2026-05-10,822902,CHC,TEX,v1.1-homefield,0.5833,8.22,-0.71,settled,0.0,3.0,1.0,1.0,0.1736,5.22,2.29
2026-05-11,822818,TB,TOR,v1.1-homefield,0.5567,7.92,-0.35,settled,8.0,5.0,0.0,0.0,0.3099,5.08,3.35
2026-05-11,822901,AZ,TEX,v1.1-homefield,0.62,8.92,-1.39,settled,1.0,0.0,0.0,0.0,0.3844,7.92,2.39
2026-05-11,824441,LAA,CLE,v1.1-homefield,0.6133,9.13,-1.61,settled,2.0,7.0,1.0,1.0,0.1495,0.13,3.39
2026-05-11,824844,NYY,BAL,v1.1-homefield,0.4133,9.58,0.87,settled,2.0,3.0,1.0,0.0,0.3442,4.58,1.87
2026-05-12,824843,NYY,BAL,v1.1-homefield,0.5033,8.77,-0.13,settled,6.0,2.0,0.0,0.0,0.2533,0.77,4.13
2026-05-12,822903,AZ,TEX,v1.1-homefield,0.58,9.07,-1.0,settled,4.0,7.0,1.0,1.0,0.1764,1.93,2.0
2026-05-12,823632,DET,NYM,v1.1-homefield,0.5733,8.19,-0.55,settled,2.0,10.0,1.0,1.0,0.182,3.81,7.45
2026-05-12,823712,MIA,MIN,v1.1-homefield,0.52,8.38,0.01,settled,0.0,3.0,1.0,1.0,0.2304,5.38,3.01
2026-05-12,822817,TB,TOR,v1.1-homefield,0.46,8.84,0.25,settled,7.0,6.0,0.0,1.0,0.2116,4.16,0.75
2026-05-12,824927,CHC,ATL,v1.1-homefield,0.55,9.48,-0.64,settled,2.0,5.0,1.0,1.0,0.2025,2.48,2.36
2026-05-12,823790,SD,MIL,v1.1-homefield,0.4767,7.84,0.34,settled,4.0,6.0,1.0,0.0,0.2739,2.16,2.34
2026-05-12,825011,STL,ATH,v1.1-homefield,0.6367,8.93,-1.84,settled,6.0,4.0,0.0,0.0,0.4053,1.07,3.84
2026-05-12,823385,COL,PIT,v1.1-homefield,0.7367,8.69,-2.61,settled,1.0,3.0,1.0,1.0,0.0693,4.69,0.61
2026-05-12,824521,WSH,CIN,v1.1-homefield,0.5767,10.8,-0.92,settled,10.0,4.0,0.0,0.0,0.3325,3.2,6.92
2026-05-12,824604,KC,CWS,v1.1-homefield,0.51,8.62,-0.17,settled,5.0,6.0,1.0,1.0,0.2401,2.38,0.83
2026-05-12,823951,SF,LAD,v1.1-homefield,0.6667,9.32,-2.02,settled,6.0,2.0,0.0,0.0,0.4444,1.32,6.02
2026-05-13,823631,DET,NYM,v1.1-homefield,0.5633,8.13,-0.71,settled,2.0,3.0,1.0,1.0,0.1907,3.13,0.29
2026-05-13,824438,LAA,CLE,v1.1-homefield,0.6067,8.07,-1.28,settled,2.0,4.0,1.0,1.0,0.1547,2.07,0.72
2026-05-13,823791,SD,MIL,v1.1-homefield,0.55,7.55,-0.38,settled,3.0,1.0,0.0,0.0,0.3025,3.55,2.38
2026-05-13,823710,MIA,MIN,v1.1-homefield,0.3767,8.29,0.9,settled,9.0,5.0,0.0,1.0,0.1419,5.71,3.1
2026-05-13,824195,SEA,HOU,v1.1-homefield,0.5433,9.6,-0.35,settled,3.0,4.0,1.0,1.0,0.2085,2.6,0.65
2026-05-13,823952,SF,LAD,v1.1-homefield,0.62,7.95,-1.34,settled,0.0,4.0,1.0,1.0,0.1444,3.95,2.66
2026-05-13,824841,NYY,BAL,v1.1-homefield,0.4067,8.95,0.87,settled,0.0,7.0,1.0,0.0,0.352,1.95,7.87
2026-05-13,822900,AZ,TEX,v1.1-homefield,0.4533,8.8,0.31,settled,5.0,6.0,1.0,0.0,0.2988,2.2,1.31
2026-05-13,822815,TB,TOR,v1.1-homefield,0.5367,9.04,-0.51,settled,3.0,5.0,1.0,1.0,0.2147,1.04,1.49
2026-05-14,823383,COL,PIT,v1.1-homefield,0.5767,8.14,-1.03,settled,2.0,7.0,1.0,1.0,0.1792,0.86,3.97
2026-05-14,824602,KC,CWS,v1.1-homefield,0.4767,8.91,0.5,settled,2.0,6.0,1.0,0.0,0.2739,0.91,4.5
2026-05-14,823789,SD,MIL,v1.1-homefield,0.57,8.47,-0.83,settled,1.0,7.0,1.0,1.0,0.1849,0.47,5.17
2026-05-14,824517,WSH,CIN,v1.1-homefield,0.58,9.55,-0.93,settled,1.0,15.0,1.0,1.0,0.1764,6.45,13.07
2026-05-14,823630,DET,NYM,v1.1-homefield,0.5967,7.23,-0.94,settled,4.0,9.0,1.0,1.0,0.1627,5.77,4.06
2026-05-14,825008,STL,ATH,v1.1-homefield,0.5333,8.27,-0.51,settled,5.0,4.0,0.0,0.0,0.2844,0.73,1.51
2026-05-14,823950,SF,LAD,v1.1-homefield,0.62,8.36,-0.89,settled,2.0,5.0,1.0,1.0,0.1444,1.36,2.11
2026-05-14,824926,CHC,ATL,v1.1-homefield,0.5667,8.0,-0.92,settled,2.0,0.0,0.0,0.0,0.3211,6.0,2.92
2026-05-14,824196,SEA,HOU,v1.1-homefield,0.5167,9.36,-0.16,settled,8.0,3.0,0.0,0.0,0.2669,1.64,5.16
2026-05-14,824762,PHI,BOS,v1.1-homefield,0.5433,9.2,-0.7,settled,3.0,1.0,0.0,0.0,0.2952,5.2,2.7
2026-05-15,823061,KC,STL,v1.1-homefield,0.45,8.54,0.49,settled,4.0,5.0,1.0,0.0,0.3025,0.46,1.49
2026-05-15,822983,MIA,TB,v1.1-homefield,0.5367,7.64,-0.3,settled,2.0,7.0,1.0,1.0,0.2147,1.36,4.7
2026-05-15,824925,BOS,ATL,v1.1-homefield,0.5633,8.14,-0.61,settled,2.0,3.0,1.0,1.0,0.1907,3.14,0.39
2026-05-15,824280,TOR,DET,v1.1-homefield,0.55,9.19,-0.38,settled,2.0,3.0,1.0,1.0,0.2025,4.19,0.62
2026-05-15,822739,BAL,WSH,v1.1-homefield,0.5367,9.57,-0.23,settled,2.0,3.0,1.0,1.0,0.2147,4.57,0.77
2026-05-15,823140,SD,SEA,v1.1-homefield,0.5833,7.62,-1.03,settled,2.0,0.0,0.0,0.0,0.3403,5.62,3.03
2026-05-15,824439,CIN,CLE,v1.1-homefield,0.58,8.31,-1.09,settled,7.0,6.0,0.0,0.0,0.3364,4.69,2.09
2026-05-15,824360,AZ,COL,v1.1-homefield,0.5233,12.11,-0.37,settled,9.0,1.0,0.0,0.0,0.2739,2.11,8.37
2026-05-16,824600,CHC,CWS,v1.1-homefield,0.47,8.28,0.55,settled,3.0,8.0,1.0,0.0,0.2809,2.72,5.55
2026-05-16,823706,MIL,MIN,v1.1-homefield,0.4967,8.11,0.08,settled,2.0,1.0,0.0,1.0,0.2467,5.11,0.92
2026-05-16,824359,AZ,COL,v1.1-homefield,0.4967,11.31,-0.33,settled,2.0,4.0,1.0,0.0,0.2533,5.31,1.67
2026-05-16,822737,BAL,WSH,v1.1-homefield,0.51,10.25,-0.09,settled,3.0,13.0,1.0,1.0,0.2401,5.75,9.91
2026-05-16,823139,SD,SEA,v1.1-homefield,0.5433,7.89,-0.44,settled,7.0,4.0,0.0,0.0,0.2952,3.11,3.44
2026-05-16,822981,MIA,TB,v1.1-homefield,0.58,7.95,-0.7,settled,10.0,5.0,0.0,0.0,0.3364,7.05,5.7
2026-05-16,823382,PHI,PIT,v1.1-homefield,0.46,7.82,-0.02,settled,6.0,0.0,0.0,1.0,0.2116,1.82,6.02
2026-05-16,824435,CIN,CLE,v1.1-homefield,0.5933,8.72,-0.82,settled,4.0,7.0,1.0,1.0,0.1654,2.28,2.18
2026-05-17,822982,MIA,TB,v1.1-homefield,0.66,7.38,-1.45,settled,3.0,6.0,1.0,1.0,0.1156,1.62,1.55
2026-05-17,823058,KC,STL,v1.1-homefield,0.4967,8.11,-0.06,settled,2.0,0.0,0.0,1.0,0.2467,6.11,2.06
2026-05-17,823628,NYY,NYM,v1.1-homefield,0.55,7.91,-0.64,settled,6.0,7.0,1.0,1.0,0.2025,5.09,0.36
2026-05-17,823381,PHI,PIT,v1.1-homefield,0.5133,6.88,-0.19,settled,6.0,0.0,0.0,0.0,0.2635,0.88,6.19
2026-05-17,824599,CHC,CWS,v1.1-homefield,0.5533,9.14,-0.17,settled,8.0,9.0,1.0,1.0,0.1995,7.86,0.83
2026-05-17,822738,BAL,WSH,v1.1-homefield,0.4967,9.14,0.25,settled,7.0,3.0,0.0,1.0,0.2467,0.86,3.75
2026-05-18,824680,MIL,CHC,v1.1-homefield,0.6167,8.56,-1.41,settled,9.0,3.0,0.0,0.0,0.3803,3.44,7.41
2026-05-18,823705,HOU,MIN,v1.1-homefield,0.54,9.6,-0.26,settled,3.0,6.0,1.0,1.0,0.2116,0.6,2.74
2026-05-18,823137,CWS,SEA,v1.1-homefield,0.6133,7.59,-1.08,settled,1.0,6.0,1.0,1.0,0.1495,0.59,3.92
2026-05-18,822734,NYM,WSH,v1.1-homefield,0.5067,8.82,0.34,settled,16.0,7.0,0.0,0.0,0.2567,14.18,8.66
2026-05-18,824114,BOS,KC,v1.1-homefield,0.5233,9.52,0.01,settled,3.0,1.0,0.0,0.0,0.2739,5.52,1.99
2026-05-18,824357,TEX,COL,v1.1-homefield,0.46,11.23,0.13,settled,6.0,7.0,1.0,0.0,0.2916,1.77,1.13
2026-05-18,824277,CLE,DET,v1.1-homefield,0.49,8.1,0.05,settled,8.0,2.0,0.0,1.0,0.2401,1.9,5.95
2026-05-18,823867,ATL,MIA,v1.1-homefield,0.57,7.88,-0.87,settled,0.0,12.0,1.0,1.0,0.1849,4.12,11.13
2026-05-19,824033,ATH,LAA,v1.1-homefield,0.5733,10.17,-0.68,settled,14.0,6.0,0.0,0.0,0.3287,9.83,8.68
2026-05-19,824677,MIL,CHC,v1.1-homefield,0.48,7.42,-0.07,settled,5.0,2.0,0.0,1.0,0.2304,0.42,3.07
2026-05-19,823464,CIN,PHI,v1.1-homefield,0.5567,8.68,-0.61,settled,4.0,1.0,0.0,0.0,0.3099,3.68,3.61
2026-05-19,823704,HOU,MIN,v1.1-homefield,0.5133,10.23,0.12,settled,2.0,1.0,0.0,0.0,0.2635,7.23,0.88
2026-05-19,822979,BAL,TB,v1.1-homefield,0.56,8.8,-0.82,settled,1.0,4.0,1.0,1.0,0.1936,3.8,2.18
2026-05-19,823059,PIT,STL,v1.1-homefield,0.4667,8.5,0.49,settled,6.0,9.0,1.0,0.0,0.2844,6.5,3.49
2026-05-19,823136,CWS,SEA,v1.1-homefield,0.5533,8.31,-0.7,settled,2.0,1.0,0.0,0.0,0.3062,5.31,1.7
2026-05-19,825086,SF,AZ,v1.1-homefield,0.5367,8.68,-0.5,settled,3.0,5.0,1.0,1.0,0.2147,0.68,1.5
2026-05-20,824273,CLE,DET,v1.1-homefield,0.5167,7.68,-0.15,settled,3.0,2.0,0.0,0.0,0.2669,2.68,1.15
2026-05-20,825084,SF,AZ,v1.1-homefield,0.5733,9.01,-0.52,settled,3.0,6.0,1.0,1.0,0.182,0.01,2.48
2026-05-20,823547,TOR,NYY,v1.1-homefield,0.6133,8.53,-1.18,settled,2.0,1.0,0.0,0.0,0.3762,5.53,2.18
2026-05-20,823057,PIT,STL,v1.1-homefield,0.56,8.07,-0.48,settled,7.0,0.0,0.0,0.0,0.3136,1.07,7.48
2026-05-20,824355,TEX,COL,v1.1-homefield,0.4933,11.14,0.42,settled,5.0,4.0,0.0,1.0,0.2434,2.14,0.58
2026-05-20,823134,CWS,SEA,v1.1-homefield,0.62,8.02,-1.1,settled,4.0,5.0,1.0,1.0,0.1444,0.98,0.1
2026-05-20,824111,BOS,KC,v1.1-homefield,0.58,8.02,-0.8,settled,4.0,3.0,0.0,0.0,0.3364,1.02,1.8
2026-05-20,823703,HOU,MIN,v1.1-homefield,0.58,9.35,-0.75,settled,1.0,4.0,1.0,1.0,0.1764,4.35,2.25
2026-05-21,822733,NYM,WSH,v1.1-homefield,0.51,9.86,-0.02,settled,2.0,1.0,0.0,0.0,0.2601,6.86,1.02
2026-05-21,825083,COL,AZ,v1.1-homefield,0.6467,9.58,-1.57,settled,1.0,2.0,1.0,1.0,0.1248,6.58,0.57
2026-05-21,824031,ATH,LAA,v1.1-homefield,0.48,9.84,0.29,settled,3.0,2.0,0.0,1.0,0.2304,4.84,0.71
2026-05-21,823056,PIT,STL,v1.1-homefield,0.4933,8.46,0.38,settled,6.0,2.0,0.0,1.0,0.2434,0.46,3.62
2026-05-21,823864,ATL,MIA,v1.1-homefield,0.4633,7.85,0.03,settled,9.0,3.0,0.0,1.0,0.2147,4.15,5.97
2026-05-22,824110,SEA,KC,v1.1-homefield,0.5367,8.42,-0.31,settled,2.0,0.0,0.0,0.0,0.288,6.42,2.31
2026-05-22,824842,DET,BAL,v1.1-homefield,0.5267,10.06,-0.28,settled,4.0,7.0,1.0,1.0,0.224,0.94,2.72
2026-05-22,823788,LAD,MIL,v1.1-homefield,0.47,8.76,0.37,settled,1.0,5.0,1.0,0.0,0.2809,2.76,4.37
2026-05-22,825082,COL,AZ,v1.1-homefield,0.6233,9.73,-1.45,settled,3.0,2.0,0.0,0.0,0.3885,4.73,2.45
2026-05-22,824922,WSH,ATL,v1.1-homefield,0.62,8.59,-1.4,settled,4.0,5.0,1.0,1.0,0.1444,0.41,0.4
2026-05-22,824029,TEX,LAA,v1.1-homefield,0.44,7.62,0.85,settled,6.0,9.0,1.0,0.0,0.3136,7.38,3.85
2026-05-22,823298,ATH,SD,v1.1-homefield,0.4967,8.26,0.01,settled,3.0,7.0,1.0,0.0,0.2533,1.74,4.01
2026-05-22,823863,NYM,MIA,v1.1-homefield,0.5,7.45,-0.17,settled,1.0,2.0,1.0,0.0,0.25,4.45,0.83
2026-05-23,825080,COL,AZ,v1.1-homefield,0.6433,10.62,-1.45,settled,4.0,5.0,1.0,1.0,0.1272,1.62,0.45
2026-05-23,824030,TEX,LAA,v1.1-homefield,0.41,8.32,0.58,settled,2.0,5.0,1.0,0.0,0.3481,1.32,3.58
2026-05-23,824674,HOU,CHC,v1.1-homefield,0.5267,8.88,-0.64,settled,3.0,0.0,0.0,0.0,0.2774,5.88,3.64
2026-05-23,824518,STL,CIN,v1.1-homefield,0.6533,11.53,-1.55,settled,8.0,1.0,0.0,0.0,0.4268,2.53,8.55
2026-05-23,824516,STL,CIN,v1.1-homefield,0.6233,10.43,-1.54,settled,6.0,7.0,1.0,1.0,0.1419,2.57,0.54
2026-05-23,824920,WSH,ATL,v1.1-homefield,0.73,9.45,-2.37,settled,2.0,0.0,0.0,0.0,0.5329,7.45,4.37
2026-05-23,824109,SEA,KC,v1.1-homefield,0.5467,9.15,-0.48,settled,0.0,5.0,1.0,1.0,0.2055,4.15,4.52
2026-05-24,824759,MIN,BOS,v1.1-homefield,0.57,8.43,-1.04,settled,6.0,5.0,0.0,0.0,0.3249,2.57,2.04
2026-05-24,822813,PIT,TOR,v1.1-homefield,0.5833,8.76,-0.74,settled,4.0,1.0,0.0,0.0,0.3403,3.76,3.74
2026-05-24,825081,COL,AZ,v1.1-homefield,0.6733,9.39,-1.97,settled,1.0,9.0,1.0,1.0,0.1067,0.61,6.03
2026-05-24,823544,TB,NYY,v1.1-homefield,0.55,8.85,-0.51,settled,0.0,2.0,1.0,1.0,0.2025,6.85,1.49
2026-05-24,823297,ATH,SD,v1.1-homefield,0.5633,8.37,-0.57,settled,5.0,2.0,0.0,0.0,0.3173,1.37,3.57
2026-05-24,824839,DET,BAL,v1.1-homefield,0.54,8.8,-0.49,settled,3.0,5.0,1.0,1.0,0.2116,0.8,1.51
2026-05-24,824840,DET,BAL,v1.1-homefield,0.5133,9.22,-0.14,settled,4.0,1.0,0.0,0.0,0.2635,4.22,3.14
2026-05-24,824676,HOU,CHC,v1.1-homefield,0.5933,7.34,-1.13,settled,8.0,5.0,0.0,0.0,0.352,5.66,4.13
2026-05-24,823459,CLE,PHI,v1.1-homefield,0.5167,9.0,-0.01,settled,3.0,1.0,0.0,0.0,0.2669,5.0,2.01
2026-05-24,823220,CWS,SF,v1.1-homefield,0.5467,7.62,-0.66,settled,5.0,8.0,1.0,1.0,0.2055,5.38,2.34
2026-05-25,825005,SEA,ATH,v1.1-homefield,0.6333,9.09,-1.32,settled,9.0,2.0,0.0,0.0,0.4011,1.91,8.32
2026-05-25,822899,HOU,TEX,v1.1-homefield,0.57,9.5,-0.99,settled,9.0,0.0,0.0,0.0,0.3249,0.5,9.99
2026-05-25,823625,CIN,NYM,v1.1-homefield,0.53,7.74,-0.12,settled,7.0,2.0,0.0,0.0,0.2809,1.26,5.12
2026-05-25,823784,STL,MIL,v1.1-homefield,0.6267,8.2,-1.52,settled,1.0,5.0,1.0,1.0,0.1394,2.2,2.48
2026-05-25,823296,PHI,SD,v1.1-homefield,0.5067,7.72,-0.03,settled,3.0,0.0,0.0,0.0,0.2567,4.72,3.03
2026-05-25,823948,COL,LAD,v1.1-homefield,0.6833,9.67,-2.11,settled,3.0,5.0,1.0,1.0,0.1003,1.67,0.11
2026-05-25,823380,CHC,PIT,v1.1-homefield,0.5067,8.02,0.04,settled,1.0,2.0,1.0,1.0,0.2434,5.02,1.04
2026-05-26,824758,ATL,BOS,v1.1-homefield,0.54,8.93,-0.61,settled,7.0,6.0,0.0,0.0,0.2916,4.07,1.61
2026-05-26,823216,AZ,SF,v1.1-homefield,0.4567,7.96,0.43,settled,7.0,5.0,0.0,1.0,0.2085,4.04,1.57
2026-05-26,824597,MIN,CWS,v1.1-homefield,0.5333,8.48,-0.58,settled,5.0,3.0,0.0,0.0,0.2844,0.48,2.58
2026-05-26,822898,HOU,TEX,v1.1-homefield,0.5,8.87,-0.38,settled,7.0,10.0,1.0,0.0,0.25,8.13,2.62
2026-05-26,823785,STL,MIL,v1.1-homefield,0.6533,8.68,-1.23,settled,0.0,6.0,1.0,1.0,0.1202,2.68,4.77
2026-05-26,823294,PHI,SD,v1.1-homefield,0.55,7.7,-0.69,settled,4.0,3.0,0.0,0.0,0.3025,0.7,1.69
2026-05-26,823379,CHC,PIT,v1.1-homefield,0.52,7.71,-0.35,settled,1.0,12.0,1.0,1.0,0.2304,5.29,10.65
2026-05-26,825004,SEA,ATH,v1.1-homefield,0.5767,8.69,-0.85,settled,4.0,1.0,0.0,0.0,0.3325,3.69,3.85
2026-05-26,824837,TB,BAL,v1.1-homefield,0.4867,9.47,-0.03,settled,1.0,6.0,1.0,0.0,0.2635,2.47,4.97
2026-05-27,824596,MIN,CWS,v1.1-homefield,0.6067,9.08,-1.11,settled,2.0,15.0,1.0,1.0,0.1547,7.92,11.89
2026-05-27,823376,CHC,PIT,v1.1-homefield,0.55,8.68,-0.47,settled,10.0,4.0,0.0,0.0,0.3025,5.32,6.47
2026-05-27,823626,CIN,NYM,v1.1-homefield,0.6067,8.68,-1.15,settled,2.0,4.0,1.0,1.0,0.1547,2.68,0.85
2026-05-27,824432,WSH,CLE,v1.1-homefield,0.63,7.94,-1.17,settled,2.0,3.0,1.0,1.0,0.1369,2.94,0.17
2026-05-27,824836,TB,BAL,v1.1-homefield,0.4833,8.96,-0.09,settled,2.0,11.0,1.0,0.0,0.2669,4.04,8.91
2026-05-27,824104,NYY,KC,v1.1-homefield,0.5167,9.93,0.0,settled,7.0,0.0,0.0,0.0,0.2669,2.93,7.0
2026-05-27,823947,COL,LAD,v1.1-homefield,0.74,8.66,-2.88,settled,1.0,4.0,1.0,1.0,0.0676,3.66,0.12
2026-05-27,824270,LAA,DET,v1.1-homefield,0.53,7.64,-0.55,settled,0.0,4.0,1.0,1.0,0.2209,3.64,3.45
2026-05-27,824756,ATL,BOS,v1.1-homefield,0.47,8.71,0.37,settled,0.0,8.0,1.0,0.0,0.2809,0.71,8.37
2026-05-28,824834,TOR,BAL,v1.1-homefield,0.5867,10.23,-1.11,settled,2.0,1.0,0.0,0.0,0.3442,7.23,2.11
2026-05-28,824272,LAA,DET,v1.1-homefield,0.6333,8.73,-1.21,settled,7.0,1.0,0.0,0.0,0.4011,0.73,7.21
2026-05-28,822896,HOU,TEX,v1.1-homefield,0.5467,8.09,-0.56,settled,5.0,1.0,0.0,0.0,0.2988,2.09,4.56
2026-05-29,824353,SF,COL,v1.1-homefield,0.38,11.81,1.18,settled,6.0,8.0,1.0,0.0,0.3844,2.19,3.18
2026-05-29,824433,BOS,CLE,v1.1-homefield,0.58,8.26,-0.86,settled,3.0,4.0,1.0,1.0,0.1764,1.26,0.14
2026-05-29,822732,SD,WSH,v1.1-homefield,0.47,8.73,0.35,settled,7.0,5.0,0.0,1.0,0.2209,3.27,1.65
2026-05-29,825002,NYY,ATH,v1.1-homefield,0.47,8.54,0.41,settled,8.0,2.0,0.0,1.0,0.2209,1.46,5.59
2026-05-29,824835,TOR,BAL,v1.1-homefield,0.4767,9.73,0.45,settled,6.0,5.0,0.0,1.0,0.2272,1.27,0.55
2026-05-29,823623,MIA,NYM,v1.1-homefield,0.4267,7.9,0.44,settled,7.0,9.0,1.0,0.0,0.3287,8.1,2.44
2026-05-30,823132,AZ,SEA,v1.1-homefield,0.5767,7.15,-0.78,settled,1.0,5.0,1.0,1.0,0.1792,1.15,3.22
2026-05-30,823054,CHC,STL,v1.1-homefield,0.4433,8.07,0.46,settled,6.0,1.0,0.0,1.0,0.1965,1.07,4.54
2026-05-30,822731,SD,WSH,v1.1-homefield,0.45,7.89,0.37,settled,4.0,9.0,1.0,0.0,0.3025,5.11,5.37
2026-05-30,824190,MIL,HOU,v1.1-homefield,0.5333,8.69,-0.59,settled,2.0,9.0,1.0,1.0,0.2178,2.31,6.41
2026-05-30,823375,MIN,PIT,v1.1-homefield,0.55,8.25,-0.75,settled,9.0,10.0,1.0,1.0,0.2025,10.75,0.25
2026-05-30,824513,ATL,CIN,v1.1-homefield,0.4067,10.6,0.94,settled,5.0,2.0,0.0,1.0,0.1654,3.6,2.06
2026-05-30,824593,DET,CWS,v1.1-homefield,0.51,8.97,-0.37,settled,1.0,7.0,1.0,1.0,0.2401,0.97,5.63
2026-05-30,824352,SF,COL,v1.1-homefield,0.5333,12.03,-0.24,settled,3.0,8.0,1.0,1.0,0.2178,1.03,4.76
2026-05-30,822893,KC,TEX,v1.1-homefield,0.5867,9.05,-0.98,settled,6.0,7.0,1.0,1.0,0.1708,3.95,0.02
2026-05-31,824430,BOS,CLE,v1.1-homefield,0.5667,7.66,-0.72,settled,9.0,4.0,0.0,0.0,0.3211,5.34,5.72
2026-05-31,823053,CHC,STL,v1.1-homefield,0.4667,9.07,0.45,settled,1.0,5.0,1.0,0.0,0.2844,3.07,4.45
2026-05-31,824187,MIL,HOU,v1.1-homefield,0.48,8.12,0.45,settled,2.0,0.0,0.0,1.0,0.2304,6.12,1.55
2026-05-31,824354,SF,COL,v1.1-homefield,0.4433,12.37,0.8,settled,19.0,6.0,0.0,1.0,0.1965,12.63,12.2
2026-05-31,823133,AZ,SEA,v1.1-homefield,0.5433,7.96,-0.22,settled,2.0,3.0,1.0,1.0,0.2085,2.96,0.78
2026-05-31,823944,PHI,LAD,v1.1-homefield,0.65,9.25,-2.07,settled,1.0,9.0,1.0,1.0,0.1225,0.75,5.93
2026-05-31,823621,MIA,NYM,v1.1-homefield,0.5067,7.53,-0.03,settled,1.0,10.0,1.0,1.0,0.2434,3.47,8.97
2026-06-01,824027,COL,LAA,v1.1-homefield,0.6633,9.45,-2.04,settled,9.0,8.0,0.0,0.0,0.44,7.55,3.04
2026-06-01,825078,LAD,AZ,v1.1-homefield,0.5,9.7,0.15,settled,1.0,4.0,1.0,0.0,0.25,4.7,3.15
2026-06-01,823050,TEX,STL,v1.1-homefield,0.4933,6.8,0.05,settled,2.0,1.0,0.0,1.0,0.2434,3.8,0.95
2026-06-01,824510,KC,CIN,v1.1-homefield,0.6033,11.08,-1.45,settled,9.0,2.0,0.0,0.0,0.364,0.08,8.45
2026-06-02,824918,TOR,ATL,v1.1-homefield,0.5267,8.4,-0.68,settled,3.0,4.0,1.0,1.0,0.224,1.4,0.32
2026-06-02,823700,CWS,MIN,v1.1-homefield,0.5067,8.21,0.02,settled,4.0,6.0,1.0,1.0,0.2434,1.79,2.02
2026-06-02,823460,SD,PHI,v1.1-homefield,0.49,9.31,-0.19,settled,2.0,3.0,1.0,0.0,0.2601,4.31,0.81
2026-06-02,824511,KC,CIN,v1.1-homefield,0.57,10.02,-0.9,settled,3.0,4.0,1.0,1.0,0.1849,3.02,0.1
2026-06-02,824754,BAL,BOS,v1.1-homefield,0.6133,9.88,-1.33,settled,4.0,2.0,0.0,0.0,0.3762,3.88,3.33
2026-06-02,823129,NYM,SEA,v1.1-homefield,0.5667,7.11,-0.82,settled,3.0,8.0,1.0,1.0,0.1878,3.89,4.18
2026-06-02,824189,PIT,HOU,v1.1-homefield,0.5067,9.25,0.18,settled,10.0,6.0,0.0,0.0,0.2567,6.75,3.82
2026-06-02,824026,COL,LAA,v1.1-homefield,0.4733,9.37,0.0,settled,8.0,2.0,0.0,1.0,0.224,0.63,6.0
2026-06-02,825079,LAD,AZ,v1.1-homefield,0.4933,9.41,-0.04,settled,6.0,5.0,0.0,1.0,0.2434,1.59,1.04
2026-06-02,822971,DET,TB,v1.1-homefield,0.6367,9.2,-1.41,settled,8.0,0.0,0.0,0.0,0.4053,1.2,9.41
2026-06-02,823541,CLE,NYY,v1.1-homefield,0.6333,8.2,-1.45,settled,9.0,4.0,0.0,0.0,0.4011,4.8,6.45
2026-06-03,824509,KC,CIN,v1.1-homefield,0.59,9.47,-0.98,settled,5.0,2.0,0.0,0.0,0.3481,2.47,3.98
2026-06-03,824755,BAL,BOS,v1.1-homefield,0.7067,9.28,-1.9,settled,1.0,8.0,1.0,1.0,0.086,0.28,5.1
2026-06-03,823456,SD,PHI,v1.1-homefield,0.54,9.07,-0.43,settled,2.0,3.0,1.0,1.0,0.2116,4.07,0.57
2026-06-03,824024,COL,LAA,v1.1-homefield,0.6233,9.58,-1.3,settled,4.0,11.0,1.0,1.0,0.1419,5.42,5.7
2026-06-03,823540,CLE,NYY,v1.1-homefield,0.56,7.83,-0.58,settled,5.0,4.0,0.0,0.0,0.3136,1.17,1.58
2026-06-03,823130,NYM,SEA,v1.1-homefield,0.5233,7.48,-0.27,settled,7.0,1.0,0.0,0.0,0.2739,0.52,6.27
2026-06-03,824671,ATH,CHC,v1.1-homefield,0.4633,8.64,0.13,settled,5.0,4.0,0.0,1.0,0.2147,0.36,0.87
2026-06-03,824188,PIT,HOU,v1.1-homefield,0.4767,7.79,0.16,settled,9.0,11.0,1.0,0.0,0.2739,12.21,2.16
2026-06-03,823701,CWS,MIN,v1.1-homefield,0.5633,8.74,-0.93,settled,8.0,0.0,0.0,0.0,0.3173,0.74,8.93
2026-06-03,823780,SF,MIL,v1.1-homefield,0.5567,9.08,-0.89,settled,1.0,0.0,0.0,0.0,0.3099,8.08,1.89
2026-06-03,822973,DET,TB,v1.1-homefield,0.5467,8.71,-0.49,settled,7.0,2.0,0.0,0.0,0.2988,0.29,5.49
2026-06-03,823051,TEX,STL,v1.1-homefield,0.4867,8.29,0.31,settled,3.0,5.0,1.0,0.0,0.2635,0.29,2.31
2026-06-04,825076,LAD,AZ,v1.1-homefield,0.54,9.14,-0.2,settled,2.0,3.0,1.0,1.0,0.2116,4.14,0.8
2026-06-04,824753,BAL,BOS,v1.1-homefield,0.54,11.2,-0.66,settled,8.0,2.0,0.0,0.0,0.2916,1.2,6.66
2026-06-04,823698,KC,MIN,v1.1-homefield,0.5367,8.87,-0.58,settled,8.0,6.0,0.0,0.0,0.288,5.13,2.58
2026-06-04,823457,SD,PHI,v1.1-homefield,0.6267,8.12,-1.3,settled,4.0,6.0,1.0,1.0,0.1394,1.88,0.7
2026-06-04,824185,PIT,HOU,v1.1-homefield,0.5433,9.21,-0.38,settled,5.0,1.0,0.0,0.0,0.2952,3.21,4.38
2026-06-04,823779,SF,MIL,v1.1-homefield,0.62,9.64,-1.45,settled,12.0,9.0,0.0,0.0,0.3844,11.36,4.45
2026-06-04,824672,ATH,CHC,v1.1-homefield,0.5267,8.3,-0.21,settled,6.0,7.0,1.0,1.0,0.224,4.7,0.79
2026-06-04,824919,TOR,ATL,v1.1-homefield,0.6033,7.97,-1.39,settled,7.0,2.0,0.0,0.0,0.364,1.03,6.39
2026-06-04,823542,CLE,NYY,v1.1-homefield,0.6267,8.92,-1.39,settled,1.0,2.0,1.0,1.0,0.1394,5.92,0.39
2026-06-05,822810,BAL,TOR,v1.1-homefield,0.61,9.41,-1.25,settled,13.0,3.0,0.0,0.0,0.3721,6.59,11.25
2026-06-05,823860,TB,MIA,v1.1-homefield,0.4833,8.37,0.02,settled,6.0,0.0,0.0,1.0,0.2336,2.37,5.98
2026-06-05,824914,PIT,ATL,v1.1-homefield,0.5733,8.58,-1.12,settled,3.0,6.0,1.0,1.0,0.182,0.42,1.88
2026-06-05,823943,LAA,LAD,v1.1-homefield,0.5667,8.8,-0.99,settled,0.0,1.0,1.0,1.0,0.1878,7.8,0.01
2026-06-05,824350,MIL,COL,v1.1-homefield,0.55,11.85,-0.25,settled,9.0,7.0,0.0,0.0,0.3025,4.15,2.25
2026-06-05,822892,CLE,TEX,v1.1-homefield,0.4933,8.28,0.18,settled,2.0,3.0,1.0,0.0,0.2567,3.28,1.18
2026-06-05,824271,SEA,DET,v1.1-homefield,0.4933,7.95,0.05,settled,3.0,7.0,1.0,0.0,0.2567,2.05,4.05
2026-06-05,823049,CIN,STL,v1.1-homefield,0.56,9.15,-0.65,settled,3.0,10.0,1.0,1.0,0.1936,3.85,6.35
2026-06-05,823455,CWS,PHI,v1.1-homefield,0.5433,8.61,-0.58,settled,6.0,8.0,1.0,1.0,0.2085,5.39,1.42
2026-06-05,824673,SF,CHC,v1.1-homefield,0.55,9.54,-1.02,settled,18.0,3.0,0.0,0.0,0.3025,11.46,16.02
2026-06-05,823699,KC,MIN,v1.1-homefield,0.5333,8.77,-0.63,settled,3.0,5.0,1.0,1.0,0.2178,0.77,1.37
2026-06-05,825073,WSH,AZ,v1.1-homefield,0.5167,9.22,-0.54,settled,14.0,1.0,0.0,0.0,0.2669,5.78,13.54
2026-06-06,824669,SF,CHC,v1.1-homefield,0.57,9.2,-0.78,settled,2.0,3.0,1.0,1.0,0.1849,4.2,0.22
2026-06-06,823292,NYM,SD,v1.1-homefield,0.47,7.39,0.45,settled,2.0,3.0,1.0,0.0,0.2809,2.39,1.45
2026-06-06,824184,ATH,HOU,v1.1-homefield,0.57,9.85,-0.73,settled,2.0,13.0,1.0,1.0,0.1849,5.15,10.27
2026-06-06,823859,TB,MIA,v1.1-homefield,0.52,6.95,-0.13,settled,3.0,4.0,1.0,1.0,0.2304,0.05,0.87
2026-06-06,822891,CLE,TEX,v1.1-homefield,0.6333,8.26,-1.18,settled,6.0,0.0,0.0,0.0,0.4011,2.26,7.18
2026-06-06,824351,MIL,COL,v1.1-homefield,0.3467,10.0,2.06,settled,7.0,1.0,0.0,1.0,0.1202,2.0,3.94
2026-06-06,823942,LAA,LAD,v1.1-homefield,0.7133,9.71,-2.77,settled,2.0,9.0,1.0,1.0,0.0822,1.29,4.23
2026-06-07,824349,MIL,COL,v1.1-homefield,0.3933,11.32,1.26,settled,12.0,4.0,0.0,1.0,0.1547,4.68,6.74
2026-06-07,823537,BOS,NYY,v1.1-homefield,0.6433,7.97,-1.47,settled,1.0,6.0,1.0,1.0,0.1272,0.97,3.53
2026-06-07,822890,CLE,TEX,v1.1-homefield,0.64,7.85,-1.62,settled,0.0,10.0,1.0,1.0,0.1296,2.15,8.38
2026-06-07,823857,TB,MIA,v1.1-homefield,0.5667,8.54,-0.72,settled,1.0,4.0,1.0,1.0,0.1878,3.54,2.28
2026-06-07,825074,WSH,AZ,v1.1-homefield,0.63,9.91,-1.28,settled,1.0,5.0,1.0,1.0,0.1369,3.91,2.72
2026-06-07,823696,KC,MIN,v1.1-homefield,0.51,8.47,-0.29,settled,6.0,5.0,0.0,0.0,0.2601,2.53,1.29
2026-06-07,824183,ATH,HOU,v1.1-homefield,0.46,9.14,0.68,settled,5.0,0.0,0.0,1.0,0.2116,4.14,4.32
2026-06-07,824268,SEA,DET,v1.1-homefield,0.4867,9.33,0.43,settled,4.0,5.0,1.0,0.0,0.2635,0.33,1.43
2026-06-08,822972,BOS,TB,v1.1-homefield,0.5367,7.5,-0.14,settled,1.0,3.0,1.0,1.0,0.2147,3.5,1.86
2026-06-08,823218,WSH,SF,v1.1-homefield,0.58,8.06,-0.9,settled,4.0,3.0,0.0,0.0,0.3364,1.06,1.9
2026-06-09,824429,NYY,CLE,v1.1-homefield,0.5,7.29,0.19,settled,3.0,2.0,0.0,1.0,0.25,2.29,0.81
2026-06-09,822969,BOS,TB,v1.1-homefield,0.52,7.39,-0.13,settled,3.0,4.0,1.0,1.0,0.2304,0.39,0.87
2026-06-09,824267,MIN,DET,v1.1-homefield,0.62,7.87,-1.06,settled,4.0,10.0,1.0,1.0,0.1444,6.13,4.94
2026-06-09,824347,CHC,COL,v1.1-homefield,0.4467,11.83,0.43,settled,3.0,7.0,1.0,0.0,0.3062,1.83,4.43
2026-06-09,823214,WSH,SF,v1.1-homefield,0.4933,8.76,-0.02,settled,6.0,3.0,0.0,1.0,0.2434,0.24,3.02
2026-06-09,824105,TEX,KC,v1.1-homefield,0.4967,8.3,0.28,settled,3.0,5.0,1.0,0.0,0.2533,0.3,2.28
2026-06-09,823290,CIN,SD,v1.1-homefield,0.4533,7.55,0.22,settled,5.0,3.0,0.0,1.0,0.2055,0.45,1.78
2026-06-09,824999,MIL,ATH,v1.1-homefield,0.5167,8.4,-0.08,settled,5.0,7.0,1.0,1.0,0.2336,3.6,1.92
2026-06-09,823374,LAD,PIT,v1.1-homefield,0.55,7.96,-0.69,settled,12.0,3.0,0.0,0.0,0.3025,7.04,9.69
2026-06-09,823858,AZ,MIA,v1.1-homefield,0.5633,7.6,-0.79,settled,6.0,10.0,1.0,1.0,0.1907,8.4,3.21
2026-06-10,823287,CIN,SD,v1.1-homefield,0.59,8.04,-1.08,settled,4.0,5.0,1.0,1.0,0.1681,0.96,0.08
2026-06-10,823372,LAD,PIT,v1.1-homefield,0.3567,8.53,1.37,settled,8.0,9.0,1.0,0.0,0.4139,8.47,2.37
2026-06-10,823856,AZ,MIA,v1.1-homefield,0.4433,7.85,0.25,settled,0.0,8.0,1.0,0.0,0.3099,0.15,8.25
2026-06-10,824996,MIL,ATH,v1.1-homefield,0.5467,8.87,-0.77,settled,3.0,4.0,1.0,1.0,0.2055,1.87,0.23
2026-06-10,824428,NYY,CLE,v1.1-homefield,0.5333,7.99,-0.05,settled,8.0,4.0,0.0,0.0,0.2844,4.01,4.05
2026-06-10,824022,HOU,LAA,v1.1-homefield,0.6067,8.78,-0.88,settled,2.0,3.0,1.0,1.0,0.1547,3.78,0.12
2026-06-10,824590,ATL,CWS,v1.1-homefield,0.4467,7.62,0.7,settled,1.0,2.0,1.0,0.0,0.3062,4.62,1.7
2026-06-10,824348,CHC,COL,v1.1-homefield,0.3167,12.02,2.22,settled,2.0,3.0,1.0,0.0,0.4669,7.02,3.22
2026-06-11,824101,TEX,KC,v1.1-homefield,0.5667,9.72,-0.52,settled,4.0,2.0,0.0,0.0,0.3211,3.72,2.52
2026-06-11,823371,LAD,PIT,v1.1-homefield,0.5133,9.1,-0.05,settled,8.0,6.0,0.0,0.0,0.2635,4.9,2.05
2026-06-11,823855,AZ,MIA,v1.1-homefield,0.59,8.35,-1.21,settled,0.0,2.0,1.0,1.0,0.1681,6.35,0.79
2026-06-11,824346,CHC,COL,v1.1-homefield,0.5567,11.28,-0.27,settled,9.0,3.0,0.0,0.0,0.3099,0.72,6.27
2026-06-12,824507,AZ,CIN,v1.1-homefield,0.5267,10.44,-0.18,settled,5.0,2.0,0.0,0.0,0.2774,3.44,3.18
2026-06-12,824752,TEX,BOS,v1.1-homefield,0.4667,9.21,0.47,settled,1.0,10.0,1.0,0.0,0.2844,1.79,9.47
2026-06-12,824020,TB,LAA,v1.1-homefield,0.5733,8.91,-0.63,settled,3.0,4.0,1.0,1.0,0.182,1.91,0.37
2026-06-12,823695,STL,MIN,v1.1-homefield,0.5867,8.65,-0.91,settled,8.0,9.0,1.0,1.0,0.1708,8.35,0.09
2026-06-12,824102,HOU,KC,v1.1-homefield,0.4633,9.66,0.27,settled,10.0,8.0,0.0,1.0,0.2147,8.34,1.73
2026-06-12,824997,COL,ATH,v1.1-homefield,0.6733,9.04,-1.75,settled,4.0,6.0,1.0,1.0,0.1067,0.96,0.25
2026-06-12,823617,ATL,NYM,v1.1-homefield,0.6,7.82,-1.0,settled,5.0,7.0,1.0,1.0,0.16,4.18,1.0
2026-06-12,822803,NYY,TOR,v1.1-homefield,0.5067,8.03,-0.13,settled,5.0,8.0,1.0,1.0,0.2434,4.97,2.87
2026-06-12,822726,SEA,WSH,v1.1-homefield,0.48,9.02,0.42,settled,10.0,2.0,0.0,1.0,0.2304,2.98,7.58
2026-06-13,824426,DET,CLE,v1.1-homefield,0.4567,8.15,0.41,settled,1.0,3.0,1.0,0.0,0.2952,4.15,2.41
2026-06-13,823776,PHI,MIL,v1.1-homefield,0.5767,8.85,-1.09,settled,9.0,8.0,0.0,0.0,0.3325,8.15,2.09
2026-06-13,822725,SEA,WSH,v1.1-homefield,0.5267,9.05,-0.25,settled,3.0,8.0,1.0,1.0,0.224,1.95,4.75
2026-06-13,824828,SD,BAL,v1.1-homefield,0.5467,9.67,-0.33,settled,9.0,3.0,0.0,0.0,0.2988,2.33,6.33
2026-06-13,822802,NYY,TOR,v1.1-homefield,0.5433,8.01,-0.6,settled,3.0,1.0,0.0,0.0,0.2952,4.01,2.6
2026-06-13,824995,COL,ATH,v1.1-homefield,0.68,9.35,-1.8,settled,5.0,7.0,1.0,1.0,0.1024,2.65,0.2
2026-06-13,823369,MIA,PIT,v1.1-homefield,0.5633,7.54,-0.19,settled,2.0,3.0,1.0,1.0,0.1907,2.54,0.81
2026-06-13,823213,CHC,SF,v1.1-homefield,0.4767,7.76,0.28,settled,6.0,1.0,0.0,1.0,0.2272,0.76,4.72
2026-06-14,824099,HOU,KC,v1.1-homefield,0.4533,8.77,0.77,settled,0.0,4.0,1.0,0.0,0.2988,4.77,4.77
2026-06-14,823212,CHC,SF,v1.1-homefield,0.5667,8.7,-0.48,settled,1.0,5.0,1.0,1.0,0.1878,2.7,3.52
2026-06-14,824506,AZ,CIN,v1.1-homefield,0.5067,10.5,-0.06,settled,5.0,3.0,0.0,0.0,0.2567,2.5,2.06
2026-06-14,824751,TEX,BOS,v1.1-homefield,0.5067,8.53,-0.24,settled,6.0,4.0,0.0,0.0,0.2567,1.47,2.24
2026-06-14,822801,NYY,TOR,v1.1-homefield,0.5467,9.41,-0.5,settled,8.0,3.0,0.0,0.0,0.2988,1.59,5.5
2026-06-14,823777,PHI,MIL,v1.1-homefield,0.5067,7.89,-0.08,settled,0.0,4.0,1.0,1.0,0.2434,3.89,3.92
2026-06-14,824021,TB,LAA,v1.1-homefield,0.5233,10.14,-0.48,settled,8.0,3.0,0.0,0.0,0.2739,0.86,5.48
2026-06-14,823615,ATL,NYM,v1.1-homefield,0.55,7.39,-0.2,settled,1.0,8.0,1.0,1.0,0.2025,1.61,6.8
2026-06-14,824994,COL,ATH,v1.1-homefield,0.5933,8.53,-1.01,settled,23.0,9.0,0.0,0.0,0.352,23.47,15.01
2026-06-15,823452,MIA,PHI,v1.1-homefield,0.5933,8.85,-1.2,settled,0.0,7.0,1.0,1.0,0.1654,1.85,5.8
2026-06-15,822887,MIN,TEX,v1.1-homefield,0.5367,8.83,-0.71,settled,4.0,2.0,0.0,0.0,0.288,2.83,2.71
2026-06-15,824993,PIT,ATH,v1.1-homefield,0.5667,9.15,-0.85,settled,2.0,11.0,1.0,1.0,0.1878,3.85,8.15
2026-06-15,822724,KC,WSH,v1.1-homefield,0.6,10.02,-1.06,settled,3.0,7.0,1.0,1.0,0.16,0.02,2.94
2026-06-15,823046,SD,STL,v1.1-homefield,0.5233,8.29,-0.25,settled,0.0,3.0,1.0,1.0,0.2272,5.29,2.75
2026-06-16,825070,LAA,AZ,v1.1-homefield,0.5033,8.95,-0.04,settled,7.0,0.0,0.0,0.0,0.2533,1.95,7.04
2026-06-16,823045,SD,STL,v1.1-homefield,0.4633,8.08,0.29,settled,2.0,3.0,1.0,0.0,0.288,3.08,1.29
2026-06-16,824504,NYM,CIN,v1.1-homefield,0.52,11.02,-0.06,settled,3.0,5.0,1.0,1.0,0.2304,3.02,1.94
2026-06-16,824182,DET,HOU,v1.1-homefield,0.6033,8.73,-1.04,settled,2.0,4.0,1.0,1.0,0.1573,2.73,0.96
2026-06-16,824912,SF,ATL,v1.1-homefield,0.57,9.72,-1.02,settled,7.0,2.0,0.0,0.0,0.3249,0.72,6.02
2026-06-16,823775,CLE,MIL,v1.1-homefield,0.6467,9.13,-1.31,settled,1.0,2.0,1.0,1.0,0.1248,6.13,0.31
2026-06-16,823939,TB,LAD,v1.1-homefield,0.5933,8.42,-0.87,settled,0.0,1.0,1.0,1.0,0.1654,7.42,0.13
2026-06-17,824913,SF,ATL,v1.1-homefield,0.5433,9.06,-0.45,settled,7.0,5.0,0.0,0.0,0.2952,2.94,2.45
2026-06-17,823044,SD,STL,v1.1-homefield,0.4967,7.9,0.37,settled,6.0,1.0,0.0,1.0,0.2467,0.9,4.63
2026-06-17,824746,TOR,BOS,v1.1-homefield,0.5167,9.67,-0.04,settled,3.0,0.0,0.0,0.0,0.2669,6.67,3.04
2026-06-17,824992,PIT,ATH,v1.1-homefield,0.55,8.65,-0.45,settled,12.0,4.0,0.0,0.0,0.3025,7.35,8.45
2026-06-17,822721,KC,WSH,v1.1-homefield,0.59,9.94,-0.69,settled,6.0,2.0,0.0,0.0,0.3481,1.94,4.69
2026-06-17,823536,CWS,NYY,v1.1-homefield,0.6667,8.53,-1.77,settled,5.0,10.0,1.0,1.0,0.1111,6.47,3.23
2026-06-17,824503,NYM,CIN,v1.1-homefield,0.5,9.03,-0.11,settled,9.0,1.0,0.0,1.0,0.25,0.97,8.11
2026-06-17,824178,DET,HOU,v1.1-homefield,0.6167,8.71,-1.05,settled,2.0,4.0,1.0,1.0,0.1469,2.71,0.95
2026-06-17,823940,TB,LAD,v1.1-homefield,0.6,7.96,-1.02,settled,4.0,5.0,1.0,1.0,0.16,1.04,0.02
2026-06-18,823448,NYM,PHI,v1.1-homefield,0.4633,9.57,0.46,settled,6.0,4.0,0.0,1.0,0.2147,0.43,1.54
2026-06-18,823772,CLE,MIL,v1.1-homefield,0.57,8.24,-0.81,settled,4.0,2.0,0.0,0.0,0.3249,2.24,2.81
2026-06-18,823125,BAL,SEA,v1.1-homefield,0.6,7.98,-0.98,settled,0.0,3.0,1.0,1.0,0.16,4.98,2.02
2026-06-18,822889,MIN,TEX,v1.1-homefield,0.54,8.58,-0.44,settled,9.0,3.0,0.0,0.0,0.2916,3.42,6.44
2026-06-18,824748,TOR,BOS,v1.1-homefield,0.5067,9.96,0.16,settled,4.0,3.0,0.0,0.0,0.2567,2.96,0.84
2026-06-18,824989,LAA,ATH,v1.1-homefield,0.67,9.21,-2.21,settled,0.0,5.0,1.0,1.0,0.1089,4.21,2.79
2026-06-19,824264,CWS,DET,v1.1-homefield,0.6233,7.77,-1.19,settled,3.0,4.0,1.0,1.0,0.1419,0.77,0.19
2026-06-19,824990,LAA,ATH,v1.1-homefield,0.6267,8.72,-1.34,settled,11.0,12.0,1.0,1.0,0.1394,14.28,0.34
2026-06-19,822886,SD,TEX,v1.1-homefield,0.5833,8.65,-0.78,settled,7.0,9.0,1.0,1.0,0.1736,7.35,1.22
2026-06-19,824345,PIT,COL,v1.1-homefield,0.3567,12.23,1.73,settled,3.0,4.0,1.0,0.0,0.4139,5.23,2.73
2026-06-19,823853,SF,MIA,v1.1-homefield,0.5633,7.98,-0.76,settled,3.0,4.0,1.0,1.0,0.1907,0.98,0.24
2026-06-19,823936,BAL,LAD,v1.1-homefield,0.5833,9.4,-1.0,settled,5.0,6.0,1.0,1.0,0.1736,1.6,0.0
2026-06-19,824097,STL,KC,v1.1-homefield,0.45,9.01,0.2,settled,5.0,6.0,1.0,0.0,0.3025,1.99,1.2
2026-06-20,823447,NYM,PHI,v1.1-homefield,0.54,8.57,-0.28,settled,3.0,15.0,1.0,1.0,0.2116,9.43,11.72
2026-06-20,824988,LAA,ATH,v1.1-homefield,0.6233,8.71,-1.34,settled,7.0,0.0,0.0,0.0,0.3885,1.71,8.34
2026-06-20,823126,BOS,SEA,v1.1-homefield,0.55,7.16,-0.57,settled,5.0,1.0,0.0,0.0,0.3025,1.16,4.57
2026-06-20,822967,WSH,TB,v1.1-homefield,0.5967,8.1,-1.22,settled,4.0,3.0,0.0,0.0,0.356,1.1,2.22
2026-06-20,824909,MIL,ATL,v1.1-homefield,0.63,8.26,-1.03,settled,3.0,4.0,1.0,1.0,0.1369,1.26,0.03
2026-06-20,824263,CWS,DET,v1.1-homefield,0.5233,7.95,-0.39,settled,1.0,4.0,1.0,1.0,0.2272,2.95,2.61
2026-06-20,822885,SD,TEX,v1.1-homefield,0.57,8.42,-0.96,settled,6.0,4.0,0.0,0.0,0.3249,1.58,2.96
2026-06-20,823532,CIN,NYY,v1.1-homefield,0.6133,9.5,-1.25,settled,10.0,2.0,0.0,0.0,0.3762,2.5,9.25
2026-06-20,824180,CLE,HOU,v1.1-homefield,0.62,8.55,-1.12,settled,8.0,1.0,0.0,0.0,0.3844,0.45,8.12
2026-06-21,825067,MIN,AZ,v1.1-homefield,0.6033,8.9,-0.56,settled,4.0,2.0,0.0,0.0,0.364,2.9,2.56
2026-06-21,824987,LAA,ATH,v1.1-homefield,0.4967,7.66,0.12,settled,9.0,7.0,0.0,1.0,0.2467,8.34,1.88
2026-06-21,824343,PIT,COL,v1.1-homefield,0.4367,13.78,1.15,settled,8.0,6.0,0.0,1.0,0.1907,0.22,0.85
2026-06-21,823531,CIN,NYY,v1.1-homefield,0.4233,8.96,0.66,settled,4.0,1.0,0.0,1.0,0.1792,3.96,2.34
2026-06-21,824177,CLE,HOU,v1.1-homefield,0.6033,9.52,-1.05,settled,1.0,2.0,1.0,1.0,0.1573,6.52,0.05
2026-06-21,823852,SF,MIA,v1.1-homefield,0.5033,8.33,-0.03,settled,1.0,2.0,1.0,1.0,0.2467,5.33,0.97
2026-06-21,823123,BOS,SEA,v1.1-homefield,0.55,6.88,-0.51,settled,1.0,3.0,1.0,1.0,0.2025,2.88,1.49
2026-06-21,822968,WSH,TB,v1.1-homefield,0.6033,8.21,-1.14,settled,3.0,4.0,1.0,1.0,0.1573,1.21,0.14
2026-06-21,824095,STL,KC,v1.1-homefield,0.5433,9.08,-0.33,settled,12.0,10.0,0.0,0.0,0.2952,12.92,2.33
2026-06-22,824502,MIL,CIN,v1.1-homefield,0.5167,10.31,-0.08,settled,2.0,1.0,0.0,0.0,0.2669,7.31,1.08
2026-06-22,823040,AZ,STL,v1.1-homefield,0.6,8.59,-0.81,settled,2.0,3.0,1.0,1.0,0.16,3.59,0.19
2026-06-22,823851,TEX,MIA,v1.1-homefield,0.6267,8.56,-1.26,settled,4.0,3.0,0.0,0.0,0.3927,1.56,2.26
2026-06-22,823288,ATL,SD,v1.1-homefield,0.5033,7.77,-0.13,settled,0.0,1.0,1.0,1.0,0.2467,6.77,0.87
2026-06-22,824585,CLE,CWS,v1.1-homefield,0.5033,8.02,0.3,settled,5.0,6.0,1.0,1.0,0.2467,2.98,1.3
2026-06-23,823690,LAD,MIN,v1.1-homefield,0.44,9.15,0.76,settled,12.0,3.0,0.0,1.0,0.1936,5.85,8.24
2026-06-23,823614,CHC,NYM,v1.1-homefield,0.5067,8.73,-0.14,settled,9.0,6.0,0.0,0.0,0.2567,6.27,3.14
2026-06-23,823043,AZ,STL,v1.1-homefield,0.5233,9.28,-0.43,settled,4.0,3.0,0.0,0.0,0.2739,2.28,1.43
2026-06-23,824340,BOS,COL,v1.1-homefield,0.54,11.66,-0.45,settled,5.0,2.0,0.0,0.0,0.2916,4.66,3.45
2026-06-23,822963,KC,TB,v1.1-homefield,0.6167,8.89,-1.39,settled,12.0,5.0,0.0,0.0,0.3803,8.11,8.39
2026-06-23,823210,ATH,SF,v1.1-homefield,0.5567,8.78,-0.72,settled,1.0,3.0,1.0,1.0,0.1965,4.78,1.28
2026-06-23,823849,TEX,MIA,v1.1-homefield,0.58,8.19,-0.71,settled,4.0,6.0,1.0,1.0,0.1764,1.81,1.29
2026-06-23,824262,NYY,DET,v1.1-homefield,0.5867,7.98,-0.6,settled,4.0,3.0,0.0,0.0,0.3442,0.98,1.6
2026-06-23,822799,HOU,TOR,v1.1-homefield,0.5233,8.65,0.16,settled,9.0,7.0,0.0,0.0,0.2739,7.35,1.84
2026-06-23,824501,MIL,CIN,v1.1-homefield,0.54,10.92,-0.63,settled,2.0,0.0,0.0,0.0,0.2916,8.92,2.63
2026-06-23,824584,CLE,CWS,v1.1-homefield,0.48,8.28,0.08,settled,1.0,2.0,1.0,0.0,0.2704,5.28,1.08
2026-06-23,823365,SEA,PIT,v1.1-homefield,0.5633,9.2,-0.35,settled,3.0,2.0,0.0,0.0,0.3173,4.2,1.35
2026-06-23,823286,ATL,SD,v1.1-homefield,0.4933,7.59,0.21,settled,6.0,7.0,1.0,0.0,0.2567,5.41,1.21
2026-06-24,822798,HOU,TOR,v1.1-homefield,0.5833,9.8,-0.9,settled,3.0,1.0,0.0,0.0,0.3403,5.8,2.9
2026-06-24,824341,BOS,COL,v1.1-homefield,0.4033,11.99,1.33,settled,6.0,8.0,1.0,0.0,0.356,2.01,3.33
2026-06-24,823041,AZ,STL,v1.1-homefield,0.4333,9.21,0.75,settled,9.0,4.0,0.0,1.0,0.1878,3.79,4.25
2026-06-24,823611,CHC,NYM,v1.1-homefield,0.4767,7.73,0.05,settled,10.0,5.0,0.0,1.0,0.2272,7.27,4.95
2026-06-24,823208,ATH,SF,v1.1-homefield,0.4367,8.34,0.66,settled,1.0,2.0,1.0,0.0,0.3173,5.34,1.66
2026-06-24,824259,NYY,DET,v1.1-homefield,0.4967,8.13,-0.16,settled,4.0,2.0,0.0,1.0,0.2467,2.13,2.16
2026-06-24,822965,KC,TB,v1.1-homefield,0.57,8.13,-1.11,settled,3.0,5.0,1.0,1.0,0.1849,0.13,0.89
2026-06-24,823284,ATL,SD,v1.1-homefield,0.4833,6.79,-0.16,settled,2.0,5.0,1.0,0.0,0.2669,0.21,2.84
2026-06-24,823613,CHC,NYM,v1.1-homefield,0.5033,7.33,-0.23,settled,10.0,3.0,0.0,0.0,0.2533,5.67,7.23
2026-06-24,824583,CLE,CWS,v1.1-homefield,0.4933,8.48,-0.15,settled,4.0,3.0,0.0,1.0,0.2434,1.48,1.15
2026-06-24,823367,SEA,PIT,v1.1-homefield,0.5333,7.8,-0.33,settled,1.0,11.0,1.0,1.0,0.2178,4.2,9.67
2026-06-25,823366,SEA,PIT,v1.1-homefield,0.5133,7.6,-0.08,settled,1.0,5.0,1.0,1.0,0.2368,1.6,3.92
2026-06-25,823612,CHC,NYM,v1.1-homefield,0.53,8.48,-0.55,settled,4.0,3.0,0.0,0.0,0.2809,1.48,1.55
2026-06-25,823209,ATH,SF,v1.1-homefield,0.5367,8.43,-0.28,settled,9.0,6.0,0.0,0.0,0.288,6.57,3.28
2026-06-25,822961,KC,TB,v1.1-homefield,0.5833,8.88,-0.99,settled,2.0,13.0,1.0,1.0,0.1736,6.12,10.01
2026-06-25,822717,PHI,WSH,v1.1-homefield,0.4433,8.93,0.56,settled,10.0,5.0,0.0,1.0,0.1965,6.07,4.44
2026-06-25,824747,NYY,BOS,v1.1-homefield,0.45,8.42,0.75,settled,3.0,6.0,1.0,0.0,0.3025,0.58,3.75
2026-06-26,824582,KC,CWS,v1.1-homefield,0.56,9.4,-0.77,settled,1.0,22.0,1.0,1.0,0.1936,13.6,20.23
2026-06-26,824423,SEA,CLE,v1.1-homefield,0.5,7.98,-0.22,settled,3.0,1.0,0.0,1.0,0.25,3.98,2.22
2026-06-26,823688,COL,MIN,v1.1-homefield,0.55,9.63,-0.49,settled,8.0,9.0,1.0,1.0,0.2025,7.37,0.51
2026-06-26,824824,WSH,BAL,v1.1-homefield,0.5567,9.54,-0.82,settled,1.0,3.0,1.0,1.0,0.1965,5.54,1.18
2026-06-26,822796,TEX,TOR,v1.1-homefield,0.4933,9.4,-0.02,settled,5.0,4.0,0.0,1.0,0.2434,0.4,1.02
2026-06-26,823363,CIN,PIT,v1.1-homefield,0.6567,7.83,-1.56,settled,6.0,4.0,0.0,0.0,0.4312,2.17,3.56
2026-06-26,823610,PHI,NYM,v1.1-homefield,0.4833,8.18,0.44,settled,2.0,1.0,0.0,1.0,0.2336,5.18,0.56
2026-06-27,822794,TEX,TOR,v1.1-homefield,0.56,9.33,-0.89,settled,7.0,4.0,0.0,0.0,0.3136,1.67,3.89
2026-06-27,824015,ATH,LAA,v1.1-homefield,0.56,8.2,-0.62,settled,2.0,5.0,1.0,1.0,0.1936,1.2,2.38
2026-06-27,823207,ATL,SF,v1.1-homefield,0.5533,7.85,-0.45,settled,0.0,5.0,1.0,1.0,0.1995,2.85,4.55
2026-06-27,822960,AZ,TB,v1.1-homefield,0.5767,8.07,-0.65,settled,2.0,4.0,1.0,1.0,0.1792,2.07,1.35
2026-06-27,823609,PHI,NYM,v1.1-homefield,0.5467,7.98,-0.6,settled,2.0,6.0,1.0,1.0,0.2055,0.02,3.4
2026-06-27,824257,HOU,DET,v1.1-homefield,0.51,7.3,-0.4,settled,8.0,6.0,0.0,0.0,0.2601,6.7,2.4
2026-06-27,824581,KC,CWS,v1.1-homefield,0.5567,8.92,-0.9,settled,1.0,2.0,1.0,1.0,0.1965,5.92,0.1
2026-06-27,824421,SEA,CLE,v1.1-homefield,0.4133,7.73,0.71,settled,3.0,4.0,1.0,0.0,0.3442,0.73,1.71
2026-06-27,823283,LAD,SD,v1.1-homefield,0.4233,6.99,0.65,settled,15.0,3.0,0.0,1.0,0.1792,11.01,11.35
2026-06-27,823364,CIN,PIT,v1.1-homefield,0.5167,8.37,-0.32,settled,9.0,7.0,0.0,0.0,0.2669,7.63,2.32
2026-06-27,823038,MIA,STL,v1.1-homefield,0.57,8.77,-0.82,settled,5.0,1.0,0.0,0.0,0.3249,2.77,4.82
2026-06-27,824825,WSH,BAL,v1.1-homefield,0.5767,8.44,-0.68,settled,4.0,3.0,0.0,0.0,0.3325,1.44,1.68
2026-06-28,824744,NYY,BOS,v1.1-homefield,0.56,9.95,-0.6,settled,4.0,5.0,1.0,1.0,0.1936,0.95,0.4
2026-06-28,824422,SEA,CLE,v1.1-homefield,0.4933,6.85,0.15,settled,5.0,6.0,1.0,0.0,0.2567,4.15,1.15
2026-06-28,823686,COL,MIN,v1.1-homefield,0.5633,10.33,-0.91,settled,2.0,3.0,1.0,1.0,0.1907,5.33,0.09
2026-06-28,824256,HOU,DET,v1.1-homefield,0.42,8.25,1.03,settled,7.0,5.0,0.0,1.0,0.1764,3.75,0.97
2026-06-28,824580,KC,CWS,v1.1-homefield,0.65,9.24,-1.42,settled,5.0,4.0,0.0,0.0,0.4225,0.24,2.42
2026-06-28,822959,AZ,TB,v1.1-homefield,0.6767,7.99,-1.88,settled,1.0,5.0,1.0,1.0,0.1045,1.99,2.12
2026-06-28,823037,MIA,STL,v1.1-homefield,0.4533,8.37,0.51,settled,1.0,2.0,1.0,0.0,0.2988,5.37,1.51
2026-06-29,825065,SF,AZ,v1.1-homefield,0.5533,9.59,-0.35,settled,4.0,5.0,1.0,1.0,0.1995,0.59,0.65
2026-06-29,824339,MIA,COL,v1.1-homefield,0.5,11.93,0.16,settled,10.0,7.0,0.0,1.0,0.25,5.07,2.84
2026-06-29,824662,SD,CHC,v1.1-homefield,0.6433,8.55,-1.36,settled,2.0,3.0,1.0,1.0,0.1272,3.55,0.36
2026-06-29,824741,WSH,BOS,v1.1-homefield,0.5867,9.6,-1.27,settled,3.0,6.0,1.0,1.0,0.1708,0.6,1.73
2026-06-29,824420,TEX,CLE,v1.1-homefield,0.6133,7.62,-1.16,settled,6.0,3.0,0.0,0.0,0.3762,1.38,4.16
2026-06-29,823529,DET,NYY,v1.1-homefield,0.5767,8.35,-0.44,settled,7.0,3.0,0.0,0.0,0.3325,1.65,4.44
2026-06-29,823771,CIN,MIL,v1.1-homefield,0.5667,8.67,-0.88,settled,3.0,5.0,1.0,1.0,0.1878,0.67,1.12
2026-06-29,824176,MIN,HOU,v1.1-homefield,0.6,8.6,-1.16,settled,5.0,4.0,0.0,0.0,0.36,0.4,2.16
2026-06-30,823445,PIT,PHI,v1.1-homefield,0.5367,9.56,-0.54,settled,0.0,8.0,1.0,1.0,0.2147,1.56,7.46
2026-06-30,824907,STL,ATL,v1.1-homefield,0.6833,9.35,-2.21,settled,5.0,3.0,0.0,0.0,0.4669,1.35,4.21
2026-06-30,824742,WSH,BOS,v1.1-homefield,0.61,9.91,-1.23,settled,8.0,1.0,0.0,0.0,0.3721,0.91,8.23
2026-06-30,824338,MIA,COL,v1.1-homefield,0.4,11.66,1.38,settled,14.0,3.0,0.0,1.0,0.16,5.34,9.62
2026-06-30,823528,DET,NYY,v1.1-homefield,0.5267,7.5,-0.36,settled,9.0,3.0,0.0,0.0,0.2774,4.5,6.36
2026-06-30,824984,LAD,ATH,v1.1-homefield,0.4967,8.31,0.09,settled,9.0,3.0,0.0,1.0,0.2467,3.69,5.91
2026-06-30,824819,CWS,BAL,v1.1-homefield,0.5367,10.2,-0.59,settled,9.0,3.0,0.0,0.0,0.288,1.8,6.59
2026-06-30,823122,LAA,SEA,v1.1-homefield,0.5833,7.71,-0.93,settled,3.0,8.0,1.0,1.0,0.1736,3.29,4.07
2026-06-30,822793,NYM,TOR,v1.1-homefield,0.5,8.32,-0.22,settled,3.0,0.0,0.0,1.0,0.25,5.32,3.22
2026-07-01,824660,SD,CHC,v1.1-homefield,0.57,8.75,-0.87,settled,3.0,23.0,1.0,1.0,0.1849,17.25,19.13
2026-07-01,824740,WSH,BOS,v1.1-homefield,0.58,9.67,-1.14,settled,10.0,2.0,0.0,0.0,0.3364,2.33,9.14
2026-07-01,824905,STL,ATL,v1.1-homefield,0.5667,8.95,-0.75,settled,1.0,5.0,1.0,1.0,0.1878,2.95,3.25
2026-07-01,824337,MIA,COL,v1.1-homefield,0.37,11.42,1.59,settled,3.0,6.0,1.0,0.0,0.3969,2.42,4.59
2026-07-01,823446,PIT,PHI,v1.1-homefield,0.54,8.07,-0.42,settled,6.0,10.0,1.0,1.0,0.2116,7.93,3.58
2026-07-01,824094,TB,KC,v1.1-homefield,0.4667,10.04,0.79,settled,4.0,0.0,0.0,1.0,0.2178,6.04,3.21
2026-07-01,824419,TEX,CLE,v1.1-homefield,0.5,8.14,-0.08,settled,4.0,9.0,1.0,0.0,0.25,4.86,4.92
2026-07-01,823767,CIN,MIL,v1.1-homefield,0.6167,9.06,-1.3,settled,2.0,4.0,1.0,1.0,0.1469,3.06,0.7
2026-07-02,823935,SD,LAD,v1.1-homefield,0.72,9.61,-2.16,settled,7.0,12.0,1.0,1.0,0.0784,9.39,2.84
2026-07-02,824906,STL,ATL,v1.1-homefield,0.5067,8.38,0.0,settled,11.0,5.0,0.0,0.0,0.2567,7.62,6.0
2026-07-02,824093,TB,KC,v1.1-homefield,0.5033,9.22,0.07,settled,5.0,2.0,0.0,0.0,0.2533,2.22,2.93
2026-07-02,822884,DET,TEX,v1.1-homefield,0.5633,8.75,-0.53,settled,4.0,10.0,1.0,1.0,0.1907,5.25,5.47
2026-07-03,824904,NYM,ATL,v1.1-homefield,0.54,8.29,-0.3,settled,3.0,5.0,1.0,1.0,0.2116,0.29,1.7
2026-07-03,823527,MIN,NYY,v1.1-homefield,0.55,8.91,-0.74,settled,2.0,5.0,1.0,1.0,0.2025,1.91,2.26
2026-07-03,824498,BAL,CIN,v1.1-homefield,0.5033,10.39,0.01,settled,3.0,0.0,0.0,0.0,0.2533,7.39,2.99
2026-07-03,824982,MIA,ATH,v1.1-homefield,0.55,8.16,-0.65,settled,12.0,5.0,0.0,0.0,0.3025,8.84,7.65
2026-07-03,825062,MIL,AZ,v1.1-homefield,0.48,9.6,0.4,settled,7.0,4.0,0.0,1.0,0.2304,1.4,2.6
2026-07-03,823120,TOR,SEA,v1.1-homefield,0.5167,7.75,-0.16,settled,2.0,0.0,0.0,0.0,0.2669,5.75,2.16
2026-07-03,824659,STL,CHC,v1.1-homefield,0.54,9.94,-0.4,settled,17.0,1.0,0.0,0.0,0.2916,8.06,16.4
2026-07-03,824013,BOS,LAA,v1.1-homefield,0.5467,7.87,-0.51,settled,5.0,2.0,0.0,0.0,0.2988,0.87,3.51
2026-07-04,824499,BAL,CIN,v1.1-homefield,0.5433,10.19,-0.57,settled,8.0,5.0,0.0,0.0,0.2952,2.81,3.57
2026-07-04,824171,TB,HOU,v1.1-homefield,0.5067,6.97,0.06,settled,8.0,10.0,1.0,1.0,0.2434,11.03,2.06
2026-07-04,824415,CWS,CLE,v1.1-homefield,0.5333,7.42,-0.4,settled,3.0,1.0,0.0,0.0,0.2844,3.42,2.4
2026-07-04,822882,DET,TEX,v1.1-homefield,0.5733,9.43,-0.56,settled,3.0,0.0,0.0,0.0,0.3287,6.43,3.56
2026-07-04,824334,SF,COL,v1.1-homefield,0.45,12.55,0.75,settled,6.0,4.0,0.0,1.0,0.2025,2.55,1.25
2026-07-04,823932,SD,LAD,v1.1-homefield,0.6967,8.37,-2.04,settled,0.0,3.0,1.0,1.0,0.092,5.37,0.96
2026-07-04,823118,TOR,SEA,v1.1-homefield,0.5733,7.07,-0.75,settled,0.0,11.0,1.0,1.0,0.182,3.93,10.25
2026-07-04,824903,NYM,ATL,v1.1-homefield,0.6033,8.06,-1.09,settled,3.0,14.0,1.0,1.0,0.1573,8.94,9.91
2026-07-04,824092,PHI,KC,v1.1-homefield,0.5033,9.8,0.16,settled,6.0,1.0,0.0,0.0,0.2533,2.8,4.84
2026-07-05,824980,MIA,ATH,v1.1-homefield,0.5067,7.83,-0.13,settled,9.0,8.0,0.0,0.0,0.2567,9.17,1.13
2026-07-05,822879,DET,TEX,v1.1-homefield,0.53,8.59,-0.55,settled,6.0,3.0,0.0,0.0,0.2809,0.41,3.55
2026-07-05,825061,MIL,AZ,v1.1-homefield,0.5133,9.5,0.2,settled,3.0,2.0,0.0,0.0,0.2635,4.5,0.8
2026-07-05,823117,TOR,SEA,v1.1-homefield,0.46,7.5,0.21,settled,0.0,4.0,1.0,0.0,0.2916,3.5,4.21
2026-07-05,824172,TB,HOU,v1.1-homefield,0.5467,8.79,-0.58,settled,0.0,2.0,1.0,1.0,0.2055,6.79,1.42
2026-07-05,824902,NYM,ATL,v1.1-homefield,0.4767,8.28,-0.16,settled,10.0,9.0,0.0,1.0,0.2272,10.72,1.16
2026-07-05,824656,STL,CHC,v1.1-homefield,0.5967,9.6,-1.25,settled,4.0,6.0,1.0,1.0,0.1627,0.4,0.75
2026-07-05,824497,BAL,CIN,v1.1-homefield,0.5233,10.02,-0.38,settled,2.0,3.0,1.0,1.0,0.2272,5.02,0.62
2026-07-06,824900,NYM,ATL,v1.1-homefield,0.5733,8.59,-0.4,settled,7.0,6.0,0.0,0.0,0.3287,4.41,1.4
2026-07-06,824089,PHI,KC,v1.1-homefield,0.42,9.53,1.04,settled,1.0,15.0,1.0,0.0,0.3364,6.47,15.04
2026-07-06,823205,TOR,SF,v1.1-homefield,0.49,7.89,0.13,settled,1.0,10.0,1.0,0.0,0.2601,3.11,9.13
2026-07-06,823036,MIL,STL,v1.1-homefield,0.4367,8.63,0.55,settled,4.0,3.0,0.0,1.0,0.1907,1.63,0.45
2026-07-07,822956,NYY,TB,v1.1-homefield,0.59,8.31,-0.94,settled,4.0,6.0,1.0,1.0,0.1681,1.69,1.06
2026-07-07,823847,SEA,MIA,v1.1-homefield,0.5767,7.45,-0.66,settled,5.0,6.0,1.0,1.0,0.1792,3.55,0.34
2026-07-07,822881,LAA,TEX,v1.1-homefield,0.6767,7.9,-1.43,settled,3.0,8.0,1.0,1.0,0.1045,3.1,3.57
2026-07-07,823035,MIL,STL,v1.1-homefield,0.4933,8.87,0.02,settled,10.0,2.0,0.0,1.0,0.2434,3.13,7.98
2026-07-07,823607,KC,NYM,v1.1-homefield,0.6167,10.01,-1.19,settled,16.0,12.0,0.0,0.0,0.3803,17.99,5.19
2026-07-07,823361,ATL,PIT,v1.1-homefield,0.5667,8.44,-0.98,settled,4.0,12.0,1.0,1.0,0.1878,7.56,7.02
2026-07-07,824254,ATH,DET,v1.1-homefield,0.5933,7.98,-1.19,settled,2.0,6.0,1.0,1.0,0.1654,0.02,2.81
2026-07-08,823684,CLE,MIN,v1.1-homefield,0.5267,8.95,-0.53,settled,5.0,6.0,1.0,1.0,0.224,2.05,0.47
2026-07-08,823032,MIL,STL,v1.1-homefield,0.4667,8.39,0.12,settled,1.0,5.0,1.0,0.0,0.2844,2.39,4.12
2026-07-08,822710,HOU,WSH,v1.1-homefield,0.5133,8.2,-0.45,settled,2.0,8.0,1.0,1.0,0.2368,1.8,5.55
2026-07-08,822880,LAA,TEX,v1.1-homefield,0.5333,8.42,-0.42,settled,13.0,1.0,0.0,0.0,0.2844,5.58,12.42
2026-07-08,823202,TOR,SF,v1.1-homefield,0.5633,7.58,-0.59,settled,10.0,0.0,0.0,0.0,0.3173,2.42,10.59
2026-07-09,823359,ATL,PIT,v1.1-homefield,0.5533,9.18,-0.38,settled,10.0,5.0,0.0,0.0,0.3062,5.82,5.38
2026-07-09,823034,MIL,STL,v1.1-homefield,0.46,8.74,0.48,settled,8.0,4.0,0.0,1.0,0.2116,3.26,3.52
2026-07-09,824494,PHI,CIN,v1.1-homefield,0.4233,10.58,0.31,settled,1.0,0.0,0.0,1.0,0.1792,9.58,0.69
2026-07-09,824816,CHC,BAL,v1.1-homefield,0.5967,9.77,-0.9,settled,2.0,3.0,1.0,1.0,0.1627,4.77,0.1
2026-07-09,822954,NYY,TB,v1.1-homefield,0.6133,7.61,-1.18,settled,12.0,4.0,0.0,0.0,0.3762,8.39,9.18
2026-07-09,824251,ATH,DET,v1.1-homefield,0.49,9.2,-0.15,settled,1.0,4.0,1.0,0.0,0.2601,4.2,2.85
2026-07-10,823200,COL,SF,v1.1-homefield,0.62,9.87,-1.55,settled,4.0,3.0,0.0,0.0,0.3844,2.87,2.55
2026-07-10,824252,PHI,DET,v1.1-homefield,0.5267,9.06,-0.41,settled,2.0,10.0,1.0,1.0,0.224,2.94,7.59
2026-07-10,822709,NYY,WSH,v1.1-homefield,0.48,10.22,0.55,settled,5.0,3.0,0.0,1.0,0.2304,2.22,1.45
2026-07-10,823033,ATL,STL,v1.1-homefield,0.5,8.91,-0.03,settled,1.0,2.0,1.0,0.0,0.25,5.91,0.97
2026-07-10,822878,HOU,TEX,v1.1-homefield,0.5233,8.3,-0.08,settled,3.0,7.0,1.0,1.0,0.2272,1.7,3.92
2026-07-10,824493,CHC,CIN,v1.1-homefield,0.4567,10.06,0.31,settled,0.0,4.0,1.0,0.0,0.2952,6.06,4.31
2026-07-10,824817,KC,BAL,v1.1-homefield,0.6067,9.75,-1.05,settled,3.0,5.0,1.0,1.0,0.1547,1.75,0.95
2026-07-10,823278,TOR,SD,v1.1-homefield,0.5467,8.61,-0.53,settled,5.0,3.0,0.0,0.0,0.2988,0.61,2.53
2026-07-11,823682,LAA,MIN,v1.1-homefield,0.57,9.19,-0.83,settled,3.0,5.0,1.0,1.0,0.1849,1.19,1.17
2026-07-11,824576,ATH,CWS,v1.1-homefield,0.5633,8.91,-0.72,settled,0.0,1.0,1.0,1.0,0.1907,7.91,0.28
2026-07-11,824813,KC,BAL,v1.1-homefield,0.5933,9.83,-1.06,settled,1.0,6.0,1.0,1.0,0.1654,2.83,3.94
2026-07-11,823198,COL,SF,v1.1-homefield,0.6233,9.31,-1.46,settled,2.0,4.0,1.0,1.0,0.1419,3.31,0.54
2026-07-11,822875,HOU,TEX,v1.1-homefield,0.48,8.31,-0.09,settled,9.0,3.0,0.0,1.0,0.2304,3.69,6.09
2026-07-12,823602,BOS,NYM,v1.1-homefield,0.5333,7.92,-0.2,settled,3.0,2.0,0.0,0.0,0.2844,2.92,1.2
2026-07-12,823681,LAA,MIN,v1.1-homefield,0.5533,8.52,-0.88,settled,2.0,4.0,1.0,1.0,0.1995,2.52,1.12
2026-07-12,824574,ATH,CWS,v1.1-homefield,0.5533,9.83,-0.96,settled,1.0,9.0,1.0,1.0,0.1995,0.17,7.04
2026-07-12,824491,CHC,CIN,v1.1-homefield,0.5467,10.56,-0.36,settled,8.0,4.0,0.0,0.0,0.2988,1.44,4.36
2026-07-12,823274,TOR,SD,v1.1-homefield,0.4733,7.34,0.07,settled,4.0,5.0,1.0,0.0,0.2774,1.66,1.07
2026-07-12,823029,ATL,STL,v1.1-homefield,0.4833,8.25,0.02,settled,4.0,3.0,0.0,1.0,0.2336,1.25,0.98
2026-07-12,822876,HOU,TEX,v1.1-homefield,0.5833,8.98,-0.86,settled,5.0,6.0,1.0,1.0,0.1736,2.02,0.14
2026-07-12,823925,AZ,LAD,v1.1-homefield,0.6633,8.98,-1.92,settled,5.0,3.0,0.0,0.0,0.44,0.98,3.92
2026-07-12,824250,PHI,DET,v1.1-homefield,0.5133,7.06,0.13,settled,5.0,0.0,0.0,0.0,0.2635,2.06,4.87
2026-07-16,823440,NYM,PHI,v1.1-homefield,0.4733,10.08,0.23,settled,4.0,1.0,0.0,1.0,0.224,5.08,2.77
2026-07-17,823115,SF,SEA,v1.1-homefield,0.5367,7.67,-0.48,settled,7.0,0.0,0.0,0.0,0.288,0.67,7.48
2026-07-17,824737,TB,BOS,v1.1-homefield,0.5533,9.59,-0.51,settled,3.0,5.0,1.0,1.0,0.1995,1.59,1.49
2026-07-17,824332,CIN,COL,v1.1-homefield,0.6433,11.04,-1.42,settled,7.0,2.0,0.0,0.0,0.4139,2.04,6.42
2026-07-18,824088,SD,KC,v1.1-homefield,0.63,9.68,-1.02,settled,1.0,6.0,1.0,1.0,0.1369,2.68,3.98
2026-07-18,824169,BAL,HOU,v1.1-homefield,0.5733,9.2,-0.59,settled,4.0,2.0,0.0,0.0,0.3287,3.2,2.59
2026-07-18,824412,PIT,CLE,v1.1-homefield,0.4533,8.0,0.21,settled,3.0,5.0,1.0,0.0,0.2988,0.0,2.21
2026-07-18,823763,MIA,MIL,v1.1-homefield,0.56,7.76,-0.38,settled,6.0,8.0,1.0,1.0,0.1936,6.24,1.62
2026-07-18,824008,DET,LAA,v1.1-homefield,0.4567,8.12,0.81,settled,7.0,0.0,0.0,1.0,0.2085,1.12,6.19
2026-07-18,822790,CWS,TOR,v1.1-homefield,0.52,9.57,-0.22,settled,0.0,1.0,1.0,1.0,0.2304,8.57,0.78
2026-07-18,824899,TEX,ATL,v1.1-homefield,0.61,8.47,-1.21,settled,7.0,6.0,0.0,0.0,0.3721,4.53,2.21
2026-07-18,823441,NYM,PHI,v1.1-homefield,0.54,8.71,-0.49,settled,1.0,6.0,1.0,1.0,0.2116,1.71,4.51
2026-07-18,824331,CIN,COL,v1.1-homefield,0.54,12.59,-0.71,settled,3.0,10.0,1.0,1.0,0.2116,0.41,6.29
2026-07-19,824897,TEX,ATL,v1.1-homefield,0.57,9.01,-0.64,settled,5.0,8.0,1.0,1.0,0.1849,3.99,2.36
2026-07-19,824653,MIN,CHC,v1.1-homefield,0.63,9.7,-1.71,settled,1.0,10.0,1.0,1.0,0.1369,1.3,7.29
2026-07-19,823113,SF,SEA,v1.1-homefield,0.5933,7.58,-0.74,settled,3.0,6.0,1.0,1.0,0.1654,1.42,2.26
2026-07-19,824411,PIT,CLE,v1.1-homefield,0.4367,7.89,0.67,settled,7.0,1.0,0.0,1.0,0.1907,0.11,5.33
2026-07-19,823764,MIA,MIL,v1.1-homefield,0.5133,8.04,-0.14,settled,1.0,3.0,1.0,1.0,0.2368,4.04,1.86
2026-07-19,823523,LAD,NYY,v1.1-homefield,0.4567,7.64,0.23,settled,8.0,2.0,0.0,1.0,0.2085,2.36,5.77
2026-07-20,824006,STL,LAA,v1.1-homefield,0.53,8.65,-0.37,settled,2.0,3.0,1.0,1.0,0.2209,3.65,0.63
2026-07-20,824167,MIA,HOU,v1.1-homefield,0.5033,9.05,-0.19,settled,5.0,8.0,1.0,1.0,0.2467,3.95,2.81
2026-07-20,824087,SF,KC,v1.1-homefield,0.5267,10.1,-0.01,settled,3.0,4.0,1.0,1.0,0.224,3.1,0.99
2026-07-20,824654,DET,CHC,v1.1-homefield,0.5867,9.54,-0.93,settled,8.0,6.0,0.0,0.0,0.3442,4.46,2.93
2026-07-20,824736,BAL,BOS,v1.1-homefield,0.5933,9.27,-1.48,settled,5.0,6.0,1.0,1.0,0.1654,1.73,0.48
2026-07-20,822788,TB,TOR,v1.1-homefield,0.6267,8.93,-1.17,settled,7.0,1.0,0.0,0.0,0.3927,0.93,7.17
2026-07-20,822874,CWS,TEX,v1.1-homefield,0.6467,8.52,-1.58,settled,10.0,3.0,0.0,0.0,0.4182,4.48,8.58
2026-07-20,823522,PIT,NYY,v1.1-homefield,0.57,8.35,-0.88,settled,5.0,8.0,1.0,1.0,0.1849,4.65,2.12
2026-07-24,823759,COL,MIL,v1.1-homefield,0.645,9.39,-1.59,settled,5.0,2.0,0.0,0.0,0.416,2.39,4.59
2026-07-24,824248,KC,DET,v1.1-homefield,0.6025,8.06,-1.21,settled,1.0,2.0,1.0,1.0,0.158,5.06,0.21
2026-07-24,823352,CHC,PIT,v1.1-homefield,0.5763,8.02,-0.85,settled,3.0,2.0,0.0,0.0,0.3321,3.02,1.85
2026-07-24,822707,AZ,WSH,v1.1-homefield,0.5025,9.76,0.08,settled,3.0,2.0,0.0,0.0,0.2525,4.76,0.92
2026-07-24,823434,NYY,PHI,v1.1-homefield,0.5962,8.64,-1.07,settled,1.0,0.0,0.0,0.0,0.3555,7.64,2.07
2026-07-24,824812,ATL,BAL,v1.1-homefield,0.4825,9.1,0.27,settled,7.0,6.0,0.0,1.0,0.2328,3.9,0.73
2026-07-24,823601,LAD,NYM,v1.1-homefield,0.585,8.59,-0.84,settled,4.0,2.0,0.0,0.0,0.3422,2.59,2.84
2026-07-24,822952,CLE,TB,v1.1-homefield,0.6025,7.88,-1.11,settled,3.0,11.0,1.0,1.0,0.158,6.12,6.89
2026-07-24,823843,SD,MIA,v1.1-homefield,0.625,8.06,-1.38,settled,4.0,2.0,0.0,0.0,0.3906,2.06,3.38
2026-07-24,824733,TOR,BOS,v1.1-homefield,0.5012,8.45,0.22,settled,4.0,6.0,1.0,1.0,0.2488,1.55,2.22
2026-07-24,824573,HOU,CWS,v1.1-homefield,0.5312,8.01,-0.31,settled,9.0,5.0,0.0,0.0,0.2822,5.99,4.31
2026-07-24,822872,SEA,TEX,v1.1-homefield,0.4213,8.32,0.67,settled,4.0,5.0,1.0,0.0,0.3349,0.68,1.67
2026-07-24,823680,ATH,MIN,v1.1-homefield,0.5587,9.8,-0.78,settled,2.0,0.0,0.0,0.0,0.3121,7.8,2.78
2026-07-24,823031,CIN,STL,v1.1-homefield,0.615,8.99,-1.21,settled,4.0,2.0,0.0,0.0,0.3782,2.99,3.21
2026-07-24,823196,LAA,SF,v1.1-homefield,0.64,7.14,-1.33,settled,6.0,7.0,1.0,1.0,0.1296,5.86,0.33
2026-07-25,824244,KC,DET,v1.1-homefield,0.5737,8.13,-0.92,settled,3.0,2.0,0.0,0.0,0.3291,3.13,1.92
2026-07-25,822704,AZ,WSH,v1.1-homefield,0.5925,9.36,-0.95,settled,3.0,5.0,1.0,1.0,0.1661,1.36,1.05
2026-07-25,823197,LAA,SF,v1.1-homefield,0.5413,7.3,-0.56,settled,2.0,9.0,1.0,1.0,0.2104,3.7,6.44
2026-07-25,824734,TOR,BOS,v1.1-homefield,0.5112,8.58,0.03,settled,6.0,0.0,0.0,0.0,0.2613,2.58,5.97
2026-07-25,823841,SD,MIA,v1.1-homefield,0.6412,7.2,-1.23,settled,7.0,2.0,0.0,0.0,0.4111,1.8,6.23
2026-07-25,823435,NYY,PHI,v1.1-homefield,0.5275,9.16,-0.32,settled,3.0,1.0,0.0,0.0,0.2783,5.16,2.32
2026-07-25,822948,CLE,TB,v1.1-homefield,0.5775,7.53,-0.78,settled,0.0,3.0,1.0,1.0,0.1785,4.53,2.22
2026-07-25,823355,CHC,PIT,v1.1-homefield,0.5575,7.95,-0.73,settled,11.0,0.0,0.0,0.0,0.3108,3.05,11.73
2026-07-25,824811,ATL,BAL,v1.1-homefield,0.46,8.99,0.47,settled,2.0,3.0,1.0,0.0,0.2916,3.99,1.47
2026-07-25,823679,ATH,MIN,v1.1-homefield,0.585,9.34,-0.86,settled,0.0,2.0,1.0,1.0,0.1722,7.34,1.14
2026-07-25,824571,HOU,CWS,v1.1-homefield,0.5375,7.85,-0.29,settled,4.0,1.0,0.0,0.0,0.2889,2.85,3.29
2026-07-25,823758,COL,MIL,v1.1-homefield,0.6175,9.4,-1.37,settled,5.0,8.0,1.0,1.0,0.1463,3.6,1.63
2026-07-25,823600,LAD,NYM,v1.1-homefield,0.5012,7.22,0.04,settled,4.0,3.0,0.0,0.0,0.2512,0.22,0.96
2026-07-25,823027,CIN,STL,v1.1-homefield,0.54,8.26,-0.29,settled,0.0,7.0,1.0,1.0,0.2116,1.26,6.71
2026-07-25,822869,SEA,TEX,v1.1-homefield,0.4875,7.97,0.06,settled,1.0,7.0,1.0,0.0,0.2627,0.03,6.06
2026-07-26,822950,CLE,TB,v1.1-homefield,0.5837,7.06,-0.84,settled,0.0,1.0,1.0,1.0,0.1733,6.06,0.16
2026-07-26,822706,AZ,WSH,v1.1-homefield,0.555,9.29,-0.56,settled,7.0,10.0,1.0,1.0,0.198,7.71,2.44
2026-07-26,823354,CHC,PIT,v1.1-homefield,0.5537,8.26,-0.47,settled,7.0,8.0,1.0,1.0,0.1992,6.74,0.53
2026-07-26,824730,TOR,BOS,v1.1-homefield,0.5262,9.31,-0.47,settled,1.0,6.0,1.0,1.0,0.2245,2.31,4.53
2026-07-26,824810,ATL,BAL,v1.1-homefield,0.4475,8.73,0.56,settled,3.0,2.0,0.0,1.0,0.2003,3.73,0.44
2026-07-26,824246,KC,DET,v1.1-homefield,0.585,8.81,-1.07,settled,5.0,4.0,0.0,0.0,0.3422,0.19,2.07
2026-07-26,823599,LAD,NYM,v1.1-homefield,0.4838,8.13,0.23,settled,3.0,8.0,1.0,0.0,0.2665,2.87,5.23
2026-07-26,823840,SD,MIA,v1.1-homefield,0.585,7.88,-0.98,settled,5.0,3.0,0.0,0.0,0.3422,0.12,2.98
2026-07-26,823678,ATH,MIN,v1.1-homefield,0.5962,9.72,-0.87,settled,8.0,11.0,1.0,1.0,0.1631,9.28,2.13
2026-07-26,824572,HOU,CWS,v1.1-homefield,0.4888,8.3,0.1,settled,3.0,12.0,1.0,0.0,0.2613,6.7,9.1
2026-07-26,823755,COL,MIL,v1.1-homefield,0.725,8.86,-2.72,settled,2.0,11.0,1.0,1.0,0.0756,4.14,6.28
2026-07-26,823028,CIN,STL,v1.1-homefield,0.5775,8.68,-0.71,settled,5.0,3.0,0.0,0.0,0.3335,0.68,2.71
2026-07-26,822870,SEA,TEX,v1.1-homefield,0.5513,7.35,-0.58,settled,6.0,4.0,0.0,0.0,0.3039,2.65,2.58
2026-07-26,823194,LAA,SF,v1.1-homefield,0.5262,7.7,-0.25,settled,4.0,3.0,0.0,0.0,0.2769,0.7,1.25
2026-07-26,823433,NYY,PHI,v1.1-homefield,0.5613,8.81,-0.67,settled,4.0,11.0,1.0,1.0,0.1925,6.19,6.33
2026-07-27,822868,SEA,TEX,v1.1-homefield,0.52,9.55,-0.14,settled,3.0,7.0,1.0,1.0,0.2304,0.45,3.86
2026-07-27,824245,BAL,DET,v1.1-homefield,0.5825,7.35,-0.65,settled,8.0,5.0,0.0,0.0,0.3393,5.65,3.65
2026-07-27,823353,AZ,PIT,v1.1-homefield,0.5387,8.93,-0.51,settled,2.0,3.0,1.0,1.0,0.2128,3.93,0.49
2026-07-27,823839,PHI,MIA,v1.1-homefield,0.4875,7.26,0.28,settled,7.0,8.0,1.0,0.0,0.2627,7.74,1.28
2026-07-27,822705,TOR,WSH,v1.1-homefield,0.5062,9.47,-0.01,settled,3.0,2.0,0.0,0.0,0.2562,4.47,1.01
2026-07-27,824490,CLE,CIN,v1.1-homefield,0.6262,9.42,-1.27,open,,,,,,,
2026-07-27,823597,ATL,NYM,v1.1-homefield,0.5387,7.76,-0.26,settled,3.0,14.0,1.0,1.0,0.2128,9.24,10.74
2026-07-27,824570,NYY,CWS,v1.1-homefield,0.5162,8.28,-0.26,settled,9.0,5.0,0.0,0.0,0.2665,5.72,4.26
2026-07-27,823025,CHC,STL,v1.1-homefield,0.56,9.16,-0.92,settled,7.0,3.0,0.0,0.0,0.3136,0.84,4.92
2026-07-27,824001,HOU,LAA,v1.1-homefield,0.5212,7.63,-0.31,settled,6.0,4.0,0.0,0.0,0.2716,2.37,2.31
2026-07-27,824977,BOS,ATH,v1.1-homefield,0.4637,7.7,0.39,settled,4.0,2.0,0.0,1.0,0.215,1.7,1.61
2026-07-27,823195,MIL,SF,v1.1-homefield,0.4725,7.67,0.26,settled,0.0,3.0,1.0,0.0,0.2783,4.67,3.26
2026-07-28,824489,CLE,CIN,v1.1-homefield,0.49,9.25,0.15,settled,0.0,2.0,1.0,0.0,0.2601,7.25,2.15
2026-07-28,824243,BAL,DET,v1.1-homefield,0.6125,7.04,-0.96,settled,0.0,14.0,1.0,1.0,0.1502,6.96,13.04
2026-07-28,823350,AZ,PIT,v1.1-homefield,0.5713,8.71,-0.99,settled,8.0,7.0,0.0,0.0,0.3264,6.29,1.99
2026-07-28,822949,TEX,TB,v1.1-homefield,0.605,8.36,-1.09,settled,4.0,1.0,0.0,0.0,0.366,3.36,4.09
2026-07-28,823838,PHI,MIA,v1.1-homefield,0.6012,8.06,-1.03,settled,0.0,1.0,1.0,1.0,0.159,7.06,0.03
2026-07-28,822703,TOR,WSH,v1.1-homefield,0.545,9.51,-0.66,settled,6.0,8.0,1.0,1.0,0.207,4.49,1.34
2026-07-28,823598,ATL,NYM,v1.1-homefield,0.5125,7.72,0.04,open,,,,,,,
2026-07-28,823676,KC,MIN,v1.1-homefield,0.6025,9.92,-1.32,settled,2.0,3.0,1.0,1.0,0.158,4.92,0.32
2026-07-28,824569,NYY,CWS,v1.1-homefield,0.5062,8.12,-0.06,settled,3.0,2.0,0.0,0.0,0.2562,3.12,1.06
2026-07-28,823026,CHC,STL,v1.1-homefield,0.5262,8.56,-0.31,settled,10.0,2.0,0.0,0.0,0.2769,3.44,8.31
2026-07-28,824003,HOU,LAA,v1.1-homefield,0.5112,7.61,-0.09,settled,3.0,2.0,0.0,0.0,0.2613,2.61,1.09
2026-07-28,824976,BOS,ATH,v1.1-homefield,0.4325,7.41,0.53,settled,3.0,4.0,1.0,0.0,0.3221,0.41,1.53
2026-07-28,823275,COL,SD,v1.1-homefield,0.6488,8.65,-1.57,settled,7.0,8.0,1.0,1.0,0.1233,6.35,0.57
2026-07-28,823193,MIL,SF,v1.1-homefield,0.47,7.3,0.36,settled,8.0,2.0,0.0,1.0,0.2209,2.7,5.64
2026-07-28,823923,SEA,LAD,v1.1-homefield,0.5737,8.63,-0.81,settled,7.0,6.0,0.0,0.0,0.3291,4.37,1.81
2026-07-28,824490,CLE,CIN,v1.3-tto,0.5887,9.63,-0.91,open,,,,,,,
2026-07-28,824489,CLE,CIN,v1.3-tto,0.4763,9.1,-0.01,settled,0.0,2.0,1.0,0.0,0.2743,7.1,1.99
2026-07-28,824243,BAL,DET,v1.3-tto,0.6,7.03,-0.89,settled,0.0,14.0,1.0,1.0,0.16,6.97,13.11
2026-07-28,823350,AZ,PIT,v1.3-tto,0.5775,8.6,-0.89,settled,8.0,7.0,0.0,0.0,0.3335,6.4,1.89
2026-07-28,822949,TEX,TB,v1.3-tto,0.5938,8.1,-0.92,settled,4.0,1.0,0.0,0.0,0.3526,3.1,3.92
2026-07-28,823838,PHI,MIA,v1.3-tto,0.5863,8.16,-0.98,settled,0.0,1.0,1.0,1.0,0.1711,7.16,0.02
2026-07-28,822703,TOR,WSH,v1.3-tto,0.5025,9.49,0.08,settled,6.0,8.0,1.0,1.0,0.2475,4.51,2.08
2026-07-28,823598,ATL,NYM,v1.3-tto,0.4988,7.7,0.01,open,,,,,,,
2026-07-28,823676,KC,MIN,v1.3-tto,0.605,9.85,-1.24,settled,2.0,3.0,1.0,1.0,0.156,4.85,0.24
2026-07-28,824569,NYY,CWS,v1.3-tto,0.5025,7.79,-0.03,settled,3.0,2.0,0.0,0.0,0.2525,2.79,1.03
2026-07-28,823026,CHC,STL,v1.3-tto,0.5687,8.8,-0.55,settled,10.0,2.0,0.0,0.0,0.3234,3.2,8.55
2026-07-28,824003,HOU,LAA,v1.3-tto,0.5238,7.65,-0.2,settled,3.0,2.0,0.0,0.0,0.2744,2.65,1.2
2026-07-28,824976,BOS,ATH,v1.3-tto,0.4575,7.33,0.49,settled,3.0,4.0,1.0,0.0,0.2943,0.33,1.49
2026-07-28,823275,COL,SD,v1.3-tto,0.63,8.48,-1.68,settled,7.0,8.0,1.0,1.0,0.1369,6.52,0.68
2026-07-28,823193,MIL,SF,v1.3-tto,0.4325,7.29,0.59,settled,8.0,2.0,0.0,1.0,0.1871,2.71,5.41
2026-07-28,823923,SEA,LAD,v1.3-tto,0.6062,8.43,-1.1,settled,7.0,6.0,0.0,0.0,0.3675,4.57,2.1
2026-07-29,823837,PHI,MIA,v1.3-tto,0.49,7.9,-0.04,settled,6.0,8.0,1.0,0.0,0.2601,6.1,1.96
2026-07-29,823351,AZ,PIT,v1.3-tto,0.5825,8.19,-0.84,settled,3.0,0.0,0.0,0.0,0.3393,5.19,3.84
2026-07-29,822702,TOR,WSH,v1.3-tto,0.4288,8.43,0.58,settled,5.0,2.0,0.0,1.0,0.1839,1.43,2.42
2026-07-29,824242,BAL,DET,v1.3-tto,0.6462,7.41,-1.43,settled,10.0,9.0,0.0,0.0,0.4176,11.59,2.43
2026-07-29,823596,ATL,NYM,v1.3-tto,0.5162,8.2,-0.03,settled,2.0,3.0,1.0,1.0,0.2341,3.2,0.97
2026-07-29,823192,MIL,SF,v1.3-tto,0.54,7.31,-0.21,settled,3.0,16.0,1.0,1.0,0.2116,11.69,12.79
2026-07-29,823273,COL,SD,v1.3-tto,0.5425,8.01,-0.47,settled,1.0,3.0,1.0,1.0,0.2093,4.01,1.53
2026-07-29,822947,TEX,TB,v1.3-tto,0.5938,8.38,-1.08,settled,0.0,3.0,1.0,1.0,0.165,5.38,1.92
2026-07-29,824487,CLE,CIN,v1.3-tto,0.5475,9.56,-0.53,settled,6.0,1.0,0.0,0.0,0.2998,2.56,5.53
2026-07-29,823677,KC,MIN,v1.3-tto,0.6012,9.28,-1.13,settled,4.0,0.0,0.0,0.0,0.3614,5.28,5.13
2026-07-29,824567,NYY,CWS,v1.3-tto,0.4537,7.54,0.53,settled,5.0,6.0,1.0,0.0,0.2984,3.46,1.53
2026-07-29,823022,CHC,STL,v1.3-tto,0.525,8.34,-0.18,settled,2.0,3.0,1.0,1.0,0.2256,3.34,0.82
2026-07-29,824002,HOU,LAA,v1.3-tto,0.4775,8.39,0.25,settled,7.0,4.0,0.0,1.0,0.228,2.61,2.75
2026-07-29,824973,BOS,ATH,v1.3-tto,0.4537,8.25,0.47,settled,4.0,2.0,0.0,1.0,0.2058,2.25,1.53
2026-07-29,823924,SEA,LAD,v1.3-tto,0.5475,8.16,-0.4,settled,2.0,4.0,1.0,1.0,0.2048,2.16,1.6
2026-07-30,822946,TEX,TB,v1.3-tto,0.6062,7.87,-1.19,settled,2.0,3.0,1.0,1.0,0.1551,2.87,0.19
2026-07-30,823674,KC,MIN,v1.3-tto,0.6075,9.32,-1.26,settled,3.0,4.0,1.0,1.0,0.1541,2.32,0.26
2026-07-30,824568,NYY,CWS,v1.3-tto,0.515,8.08,-0.16,settled,1.0,2.0,1.0,1.0,0.2352,5.08,0.84
2026-07-30,823023,CHC,STL,v1.3-tto,0.5025,8.52,-0.11,settled,4.0,2.0,0.0,0.0,0.2525,2.52,2.11
2026-07-30,824488,PIT,CIN,v1.3-tto,0.4288,10.98,0.98,settled,2.0,3.0,1.0,0.0,0.3263,5.98,1.98
2026-07-30,823595,MIA,NYM,v1.3-tto,0.505,7.12,-0.08,settled,2.0,4.0,1.0,1.0,0.245,1.12,1.92
2026-07-30,824894,WSH,ATL,v1.3-tto,0.6212,9.2,-1.54,settled,4.0,5.0,1.0,1.0,0.1435,0.2,0.54
2026-07-30,824974,BOS,ATH,v1.3-tto,0.51,7.71,0.04,settled,5.0,4.0,0.0,0.0,0.2601,1.29,0.96
2026-07-30,823271,SF,SD,v1.3-tto,0.5525,7.91,-0.61,settled,4.0,1.0,0.0,0.0,0.3053,2.91,3.61
2026-07-30,823921,SEA,LAD,v1.3-tto,0.52,7.91,-0.44,settled,2.0,6.0,1.0,1.0,0.2304,0.09,3.56
2026-07-31,824651,NYY,CHC,v1.3-tto,0.5737,8.45,-0.78,settled,2.0,0.0,0.0,0.0,0.3291,6.45,2.78
2026-07-31,824486,PIT,CIN,v1.3-tto,0.4525,8.98,0.42,settled,7.0,8.0,1.0,0.0,0.2998,6.02,1.42
2026-07-31,824809,PHI,BAL,v1.3-tto,0.5175,8.69,-0.1,settled,4.0,6.0,1.0,1.0,0.2328,1.31,1.9
2026-07-31,822782,STL,TOR,v1.3-tto,0.6238,8.44,-1.18,settled,1.0,3.0,1.0,1.0,0.1415,4.44,0.82
2026-07-31,824407,AZ,CLE,v1.3-tto,0.63,7.54,-1.13,settled,4.0,1.0,0.0,0.0,0.3969,2.54,4.13
2026-07-31,822945,CWS,TB,v1.3-tto,0.6412,7.89,-1.29,settled,6.0,1.0,0.0,0.0,0.4111,0.89,6.29
2026-07-31,823593,MIA,NYM,v1.3-tto,0.5737,8.72,-0.54,settled,5.0,2.0,0.0,0.0,0.3291,1.72,3.54
2026-07-31,824892,WSH,ATL,v1.3-tto,0.5012,8.49,-0.01,settled,2.0,6.0,1.0,1.0,0.2488,0.49,3.99
2026-07-31,824164,TEX,HOU,v1.3-tto,0.5212,7.79,-0.37,settled,2.0,11.0,1.0,1.0,0.2292,5.21,8.63
2026-07-31,824325,KC,COL,v1.3-tto,0.4587,12.32,0.35,settled,1.0,3.0,1.0,0.0,0.293,8.32,2.35
2026-07-31,823999,MIL,LAA,v1.3-tto,0.47,8.57,0.38,settled,6.0,2.0,0.0,1.0,0.2209,0.57,3.62
2026-07-31,824975,DET,ATH,v1.3-tto,0.4725,8.1,0.22,settled,13.0,1.0,0.0,1.0,0.2233,5.9,11.78
2026-07-31,823272,SF,SD,v1.3-tto,0.595,7.62,-0.98,settled,0.0,7.0,1.0,1.0,0.164,0.62,6.02
2026-07-31,823922,BOS,LAD,v1.3-tto,0.6462,8.11,-1.42,settled,9.0,4.0,0.0,0.0,0.4176,4.89,6.42
2026-07-31,823111,MIN,SEA,v1.3-tto,0.6125,8.03,-1.17,settled,5.0,3.0,0.0,0.0,0.3752,0.03,3.17
2026-08-01,822781,STL,TOR,v1.3-tto,0.5513,8.41,-0.65,settled,1.0,5.0,1.0,1.0,0.2013,2.41,3.35
2026-08-01,823109,MIN,SEA,v1.3-tto,0.6125,7.62,-1.11,settled,3.0,4.0,1.0,1.0,0.1502,0.62,0.11
2026-08-01,822944,CWS,TB,v1.3-tto,0.6362,7.33,-1.38,settled,0.0,1.0,1.0,1.0,0.1324,6.33,0.38
2026-08-01,823594,MIA,NYM,v1.3-tto,0.5325,7.82,-0.6,settled,6.0,2.0,0.0,0.0,0.2836,0.18,4.6
2026-08-01,824485,PIT,CIN,v1.3-tto,0.4913,9.78,0.17,settled,4.0,1.0,0.0,1.0,0.2414,4.78,2.83
2026-08-01,824808,PHI,BAL,v1.3-tto,0.4738,8.64,0.25,settled,5.0,0.0,0.0,1.0,0.2245,3.64,4.75
2026-08-01,824162,TEX,HOU,v1.3-tto,0.5375,7.72,-0.37,settled,4.0,5.0,1.0,1.0,0.2139,1.28,0.63
2026-08-01,824405,AZ,CLE,v1.3-tto,0.5775,7.76,-0.64,settled,12.0,8.0,0.0,0.0,0.3335,12.24,4.64
2026-08-01,824890,WSH,ATL,v1.3-tto,0.6475,9.2,-1.85,settled,3.0,8.0,1.0,1.0,0.1243,1.8,3.15
2026-08-01,824649,NYY,CHC,v1.3-tto,0.4713,8.63,0.34,settled,2.0,5.0,1.0,0.0,0.2795,1.63,3.34
2026-08-01,824326,KC,COL,v1.3-tto,0.5325,12.86,-0.57,settled,6.0,12.0,1.0,1.0,0.2186,5.14,5.43
2026-08-01,823269,SF,SD,v1.3-tto,0.54,8.54,-0.42,settled,5.0,6.0,1.0,1.0,0.2116,2.46,0.58
2026-08-01,823920,BOS,LAD,v1.3-tto,0.6412,7.49,-1.3,settled,3.0,2.0,0.0,0.0,0.4111,2.49,2.3
2026-08-01,824000,MIL,LAA,v1.3-tto,0.5025,8.48,0.2,settled,3.0,1.0,0.0,0.0,0.2525,4.48,1.8
2026-08-01,824972,DET,ATH,v1.3-tto,0.5162,8.22,-0.06,settled,8.0,6.0,0.0,0.0,0.2665,5.78,2.06
2026-08-02,824807,PHI,BAL,v1.3-tto,0.43,7.81,0.66,settled,8.0,0.0,0.0,1.0,0.1849,0.19,7.34
2026-08-02,824891,WSH,ATL,v1.3-tto,0.62,8.86,-1.38,settled,2.0,4.0,1.0,1.0,0.1444,2.86,0.62
2026-08-02,822783,STL,TOR,v1.3-tto,0.5513,9.01,-0.49,settled,5.0,1.0,0.0,0.0,0.3039,3.01,4.49
2026-08-02,824404,AZ,CLE,v1.3-tto,0.5875,7.29,-1.03,settled,0.0,5.0,1.0,1.0,0.1702,2.29,3.97
2026-08-02,824483,PIT,CIN,v1.3-tto,0.5463,10.15,-0.43,settled,2.0,10.0,1.0,1.0,0.2058,1.85,7.57
2026-08-02,822943,CWS,TB,v1.3-tto,0.5925,7.36,-0.79,settled,9.0,1.0,0.0,0.0,0.3511,2.64,8.79
2026-08-02,823592,MIA,NYM,v1.3-tto,0.5,8.31,0.02,settled,2.0,0.0,0.0,1.0,0.25,6.31,1.98
2026-08-02,824163,TEX,HOU,v1.3-tto,0.5813,7.62,-0.7,settled,3.0,7.0,1.0,1.0,0.1753,2.38,3.3
2026-08-02,824648,NYY,CHC,v1.3-tto,0.5587,8.96,-0.55,settled,2.0,1.0,0.0,0.0,0.3121,5.96,1.55
2026-08-02,824323,KC,COL,v1.3-tto,0.5225,12.98,-0.21,settled,1.0,8.0,1.0,1.0,0.228,3.98,6.79
2026-08-02,823996,MIL,LAA,v1.3-tto,0.4437,7.92,0.64,settled,0.0,3.0,1.0,0.0,0.3095,4.92,3.64
2026-08-02,824971,DET,ATH,v1.3-tto,0.4475,8.0,0.52,settled,11.0,0.0,0.0,1.0,0.2003,3.0,10.48
2026-08-02,823270,SF,SD,v1.3-tto,0.5537,7.61,-0.63,settled,4.0,5.0,1.0,1.0,0.1992,1.39,0.37
2026-08-02,823107,MIN,SEA,v1.3-tto,0.5112,8.18,-0.09,settled,6.0,7.0,1.0,1.0,0.2389,4.82,0.91
2026-08-02,823919,BOS,LAD,v1.3-tto,0.54,7.84,-0.44,settled,8.0,4.0,0.0,0.0,0.2916,4.16,4.44
2026-08-03,823431,WSH,PHI,v1.3-tto,0.5725,9.64,-0.92,settled,3.0,6.0,1.0,1.0,0.1828,0.64,2.08
2026-08-03,823520,STL,NYY,v1.3-tto,0.6338,7.82,-1.36,settled,13.0,7.0,0.0,0.0,0.4017,12.18,7.36
2026-08-03,823757,PIT,MIL,v1.3-tto,0.585,8.85,-1.11,settled,4.0,3.0,0.0,0.0,0.3422,1.85,2.11
2026-08-03,824647,LAD,CHC,v1.3-tto,0.5312,8.73,-0.51,settled,5.0,10.0,1.0,1.0,0.2198,6.27,4.49
2026-08-03,822867,SF,TEX,v1.3-tto,0.4738,8.54,0.06,settled,5.0,1.0,0.0,1.0,0.2245,2.54,3.94
2026-08-03,824160,TOR,HOU,v1.3-tto,0.5513,9.37,-0.67,settled,3.0,1.0,0.0,0.0,0.3039,5.37,2.67
2026-08-03,824324,TB,COL,v1.3-tto,0.3713,12.03,1.67,settled,13.0,9.0,0.0,1.0,0.1379,9.97,2.33
2026-08-03,825095,SD,AZ,v1.3-tto,0.4825,8.38,0.27,settled,1.0,5.0,1.0,0.0,0.2678,2.38,4.27
2026-08-04,824805,LAA,BAL,v1.3-tto,0.5787,9.18,-0.88,settled,1.0,3.0,1.0,1.0,0.1775,5.18,1.12
2026-08-04,824403,NYM,CLE,v1.3-tto,0.54,7.71,-0.58,settled,6.0,2.0,0.0,0.0,0.2916,0.29,4.58
2026-08-04,824484,ATH,CIN,v1.3-tto,0.5188,9.35,-0.03,settled,4.0,5.0,1.0,1.0,0.2316,0.35,0.97
2026-08-04,823432,WSH,PHI,v1.3-tto,0.59,9.45,-1.19,settled,0.0,5.0,1.0,1.0,0.1681,4.45,3.81
2026-08-04,823517,STL,NYY,v1.3-tto,0.5825,9.15,-0.85,settled,0.0,2.0,1.0,1.0,0.1743,7.15,1.15
2026-08-04,824731,CWS,BOS,v1.3-tto,0.55,9.79,-0.45,settled,2.0,14.0,1.0,1.0,0.2025,6.21,11.55
2026-08-04,824888,MIA,ATL,v1.3-tto,0.585,8.77,-0.68,settled,2.0,4.0,1.0,1.0,0.1722,2.77,1.32
2026-08-04,824084,MIN,KC,v1.3-tto,0.4988,9.72,-0.0,settled,2.0,8.0,1.0,0.0,0.2512,0.28,6.0
2026-08-04,823756,PIT,MIL,v1.3-tto,0.5387,8.21,-0.5,settled,2.0,4.0,1.0,1.0,0.2128,2.21,1.5
2026-08-04,824645,LAD,CHC,v1.3-tto,0.44,8.06,0.78,settled,1.0,5.0,1.0,0.0,0.3136,2.06,4.78
2026-08-04,822865,SF,TEX,v1.3-tto,0.5012,8.73,-0.16,settled,4.0,5.0,1.0,1.0,0.2488,0.27,0.84
2026-08-04,824161,TOR,HOU,v1.3-tto,0.4888,7.91,0.03,settled,2.0,7.0,1.0,0.0,0.2613,1.09,5.03
2026-08-04,824321,TB,COL,v1.3-tto,0.4838,11.33,0.41,settled,9.0,7.0,0.0,1.0,0.2341,4.67,1.59
2026-08-04,825054,SD,AZ,v1.3-tto,0.6125,9.22,-1.13,settled,9.0,4.0,0.0,0.0,0.3752,3.78,6.13
2026-08-04,823108,DET,SEA,v1.3-tto,0.56,7.47,-0.72,settled,8.0,0.0,0.0,0.0,0.3136,0.53,8.72
2026-08-04,824805,LAA,BAL,v1.4-mlblend,0.5836,9.18,-0.88,settled,1.0,3.0,1.0,1.0,0.1734,5.18,1.12
2026-08-04,824403,NYM,CLE,v1.4-mlblend,0.5043,7.71,-0.58,settled,6.0,2.0,0.0,0.0,0.2543,0.29,4.58
2026-08-04,824484,ATH,CIN,v1.4-mlblend,0.5165,9.65,-0.23,settled,4.0,5.0,1.0,1.0,0.2338,0.65,0.77
2026-08-04,823432,WSH,PHI,v1.4-mlblend,0.6048,9.35,-1.2,settled,0.0,5.0,1.0,1.0,0.1562,4.35,3.8
2026-08-04,823517,STL,NYY,v1.4-mlblend,0.6129,9.13,-0.84,settled,0.0,2.0,1.0,1.0,0.1498,7.13,1.16
2026-08-04,824731,CWS,BOS,v1.4-mlblend,0.5538,9.58,-0.41,settled,2.0,14.0,1.0,1.0,0.1991,6.42,11.59
2026-08-04,824888,MIA,ATL,v1.4-mlblend,0.6234,8.78,-0.68,settled,2.0,4.0,1.0,1.0,0.1418,2.78,1.32
2026-08-04,824084,MIN,KC,v1.4-mlblend,0.3492,9.81,0.07,settled,2.0,8.0,1.0,0.0,0.4235,0.19,6.07
2026-08-04,823756,PIT,MIL,v1.4-mlblend,0.5221,8.18,-0.53,settled,2.0,4.0,1.0,1.0,0.2284,2.18,1.47
2026-08-04,824645,LAD,CHC,v1.4-mlblend,0.3987,8.05,0.54,settled,1.0,5.0,1.0,0.0,0.3616,2.05,4.54
2026-08-04,822865,SF,TEX,v1.4-mlblend,0.5198,8.67,-0.35,settled,4.0,5.0,1.0,1.0,0.2306,0.33,0.65
2026-08-04,824161,TOR,HOU,v1.4-mlblend,0.5005,7.92,0.05,settled,2.0,7.0,1.0,1.0,0.2495,1.08,5.05
2026-08-04,824321,TB,COL,v1.4-mlblend,0.4205,11.4,0.39,settled,9.0,7.0,0.0,1.0,0.1768,4.6,1.61
2026-08-04,825054,SD,AZ,v1.4-mlblend,0.6259,9.24,-1.09,settled,9.0,4.0,0.0,0.0,0.3918,3.76,6.09
2026-08-04,823108,DET,SEA,v1.4-mlblend,0.4868,6.76,-0.01,settled,8.0,0.0,0.0,1.0,0.237,1.24,8.01
2026-08-05,824158,TOR,HOU,v1.4-mlblend,0.5262,8.24,-0.49,settled,5.0,4.0,0.0,0.0,0.2769,0.76,1.49
2026-08-05,824646,LAD,CHC,v1.4-mlblend,0.5548,8.47,-0.41,settled,6.0,7.0,1.0,1.0,0.1982,4.53,0.59
2026-08-05,822866,SF,TEX,v1.4-mlblend,0.5363,8.7,-0.44,settled,0.0,6.0,1.0,1.0,0.215,2.7,5.56
2026-08-05,824322,TB,COL,v1.4-mlblend,0.403,11.25,0.7,settled,4.0,0.0,0.0,1.0,0.1624,7.25,3.3
2026-08-05,824806,LAA,BAL,v1.4-mlblend,0.5499,8.34,-0.28,settled,2.0,5.0,1.0,1.0,0.2026,1.34,2.72
2026-08-05,824402,NYM,CLE,v1.4-mlblend,0.537,7.32,-0.19,settled,6.0,5.0,0.0,0.0,0.2884,3.68,1.19
2026-08-05,824482,ATH,CIN,v1.4-mlblend,0.5474,11.41,-0.54,settled,2.0,3.0,1.0,1.0,0.2048,6.41,0.46
2026-08-05,823429,WSH,PHI,v1.4-mlblend,0.5715,10.35,-0.62,settled,10.0,4.0,0.0,0.0,0.3266,3.65,6.62
2026-08-05,823516,STL,NYY,v1.4-mlblend,0.6645,9.19,-0.98,settled,3.0,1.0,0.0,0.0,0.4416,5.19,2.98
2026-08-05,824728,CWS,BOS,v1.4-mlblend,0.5336,8.75,-0.83,settled,0.0,4.0,1.0,1.0,0.2175,4.75,3.17
2026-08-05,824889,MIA,ATL,v1.4-mlblend,0.5359,8.16,0.47,settled,1.0,4.0,1.0,1.0,0.2154,3.16,3.47
2026-08-05,824082,MIN,KC,v1.4-mlblend,0.4108,10.01,-0.36,settled,1.0,2.0,1.0,0.0,0.3472,7.01,0.64
2026-08-05,823753,PIT,MIL,v1.4-mlblend,0.5239,8.14,-0.58,settled,2.0,4.0,1.0,1.0,0.2267,2.14,1.42
2026-08-05,825052,SD,AZ,v1.4-mlblend,0.4509,8.14,0.04,settled,4.0,10.0,1.0,0.0,0.3015,5.86,6.04
2026-08-05,823106,DET,SEA,v1.4-mlblend,0.5803,7.04,-0.7,settled,2.0,4.0,1.0,1.0,0.1761,1.04,1.3
2026-08-06,824804,LAA,BAL,v1.4-mlblend,0.5319,8.7,-0.15,settled,4.0,1.0,0.0,0.0,0.2829,3.7,3.15
2026-08-06,824481,ATH,CIN,v1.4-mlblend,0.5883,10.14,-0.83,settled,5.0,6.0,1.0,1.0,0.1695,0.86,0.17
2026-08-06,824401,NYM,CLE,v1.4-mlblend,0.5157,6.72,-0.2,settled,13.0,6.0,0.0,0.0,0.2659,12.28,7.2
2026-08-06,823754,PIT,MIL,v1.4-mlblend,0.552,8.93,-0.59,settled,2.0,5.0,1.0,1.0,0.2007,1.93,2.41
2026-08-06,824664,TOR,CHC,v1.4-mlblend,0.4628,8.59,0.27,open,,,,,,,
2026-08-06,823105,DET,SEA,v1.4-mlblend,0.5882,7.53,-0.82,settled,11.0,0.0,0.0,0.0,0.346,3.47,11.82
2026-08-06,823430,WSH,PHI,v1.4-mlblend,0.6719,9.68,-1.88,settled,3.0,7.0,1.0,1.0,0.1076,0.32,2.12
2026-08-06,824729,CWS,BOS,v1.4-mlblend,0.558,9.26,-0.48,settled,11.0,12.0,1.0,1.0,0.1954,13.74,0.52
2026-08-06,824885,MIA,ATL,v1.4-mlblend,0.6301,8.57,-0.74,settled,3.0,11.0,1.0,1.0,0.1368,5.43,7.26
2026-08-06,824080,MIN,KC,v1.4-mlblend,0.4453,9.7,-0.55,settled,4.0,3.0,0.0,1.0,0.1983,2.7,1.55
2026-08-06,825053,SD,AZ,v1.4-mlblend,0.5962,9.09,-0.92,settled,5.0,1.0,0.0,0.0,0.3555,3.09,4.92
2026-08-07,823349,NYM,PIT,v1.4-mlblend,0.4709,8.16,-0.19,settled,6.0,4.0,0.0,1.0,0.2217,1.84,2.19
2026-08-07,823428,TOR,PHI,v1.4-mlblend,0.6078,8.21,-0.99,settled,5.0,4.0,0.0,0.0,0.3694,0.79,1.99
2026-08-07,822699,CIN,WSH,v1.4-mlblend,0.4807,8.75,0.01,settled,3.0,5.0,1.0,0.0,0.2697,0.75,2.01
2026-08-07,823515,ATL,NYY,v1.4-mlblend,0.6878,8.66,-1.08,settled,2.0,3.0,1.0,1.0,0.0975,3.66,0.08
2026-08-07,824727,ATH,BOS,v1.4-mlblend,0.5465,9.53,-1.13,settled,1.0,13.0,1.0,1.0,0.2057,4.47,10.87
2026-08-07,823836,LAA,MIA,v1.4-mlblend,0.5651,7.92,-0.88,settled,4.0,3.0,0.0,0.0,0.3193,0.92,1.88
2026-08-07,824566,CLE,CWS,v1.4-mlblend,0.4937,7.79,-0.08,settled,8.0,2.0,0.0,1.0,0.2437,2.21,6.08
2026-08-07,823750,MIN,MIL,v1.4-mlblend,0.6313,9.31,-1.87,settled,8.0,6.0,0.0,0.0,0.3985,4.69,3.87
2026-08-07,824081,CHC,KC,v1.4-mlblend,0.3861,9.76,-0.25,settled,6.0,4.0,0.0,1.0,0.1491,0.24,2.25
2026-08-07,823024,COL,STL,v1.4-mlblend,0.5752,8.67,-0.79,settled,2.0,3.0,1.0,1.0,0.1805,3.67,0.21
2026-08-07,822863,BAL,TEX,v1.4-mlblend,0.6143,8.08,-0.99,settled,1.0,2.0,1.0,1.0,0.1488,5.08,0.01
2026-08-07,825051,LAD,AZ,v1.4-mlblend,0.4921,9.19,0.25,settled,3.0,4.0,1.0,0.0,0.258,2.19,1.25
2026-08-07,823266,HOU,SD,v1.4-mlblend,0.4889,7.18,0.02,settled,6.0,3.0,0.0,1.0,0.239,1.82,2.98
2026-08-07,823103,TB,SEA,v1.4-mlblend,0.4689,6.87,-0.09,settled,2.0,1.0,0.0,1.0,0.2199,3.87,1.09
2026-08-07,823191,DET,SF,v1.4-mlblend,0.4521,7.33,0.18,settled,2.0,5.0,1.0,0.0,0.3002,0.33,3.18
2026-08-08,823514,ATL,NYY,v1.4-mlblend,0.5824,7.96,-0.2,settled,4.0,5.0,1.0,1.0,0.1744,1.04,0.8
2026-08-08,824726,ATH,BOS,v1.4-mlblend,0.5678,8.93,-1.52,settled,7.0,3.0,0.0,0.0,0.3224,1.07,5.52
2026-08-08,823834,LAA,MIA,v1.4-mlblend,0.6026,7.6,-0.67,settled,0.0,7.0,1.0,1.0,0.1579,0.6,6.33
2026-08-08,823426,TOR,PHI,v1.4-mlblend,0.5779,9.62,-0.7,settled,7.0,5.0,0.0,0.0,0.334,2.38,2.7
2026-08-08,823348,NYM,PIT,v1.4-mlblend,0.5002,8.88,-0.7,settled,0.0,9.0,1.0,1.0,0.2498,0.12,8.3
2026-08-08,822701,CIN,WSH,v1.4-mlblend,0.4122,8.9,0.52,settled,2.0,8.0,1.0,0.0,0.3455,1.1,6.52
2026-08-08,824079,CHC,KC,v1.4-mlblend,0.3908,10.04,0.4,settled,3.0,6.0,1.0,0.0,0.3711,1.04,3.4
2026-08-08,823752,MIN,MIL,v1.4-mlblend,0.5687,8.84,-1.35,settled,3.0,4.0,1.0,1.0,0.186,1.84,0.35
2026-08-08,823267,HOU,SD,v1.4-mlblend,0.4554,6.79,-0.02,settled,2.0,3.0,1.0,0.0,0.2966,1.79,0.98
2026-08-08,823188,DET,SF,v1.4-mlblend,0.5019,7.35,-0.22,settled,8.0,0.0,0.0,0.0,0.2519,0.65,8.22
2026-08-08,823021,COL,STL,v1.4-mlblend,0.6053,9.88,-1.15,settled,8.0,6.0,0.0,0.0,0.3664,4.12,3.15
2026-08-08,822864,BAL,TEX,v1.4-mlblend,0.5902,8.01,-0.92,settled,1.0,5.0,1.0,1.0,0.1679,2.01,3.08
2026-08-08,824565,CLE,CWS,v1.4-mlblend,0.4865,7.72,-0.08,settled,3.0,6.0,1.0,0.0,0.2637,1.28,2.92
2026-08-08,825049,LAD,AZ,v1.4-mlblend,0.3883,8.27,1.29,settled,2.0,1.0,0.0,1.0,0.1508,5.27,0.29
2026-08-08,823102,TB,SEA,v1.4-mlblend,0.5126,7.86,0.13,settled,3.0,2.0,0.0,0.0,0.2628,2.86,0.87
2026-08-09,822700,CIN,WSH,v1.4-mlblend,0.4776,8.88,0.01,settled,1.0,7.0,1.0,0.0,0.2729,0.88,6.01
2026-08-09,824724,ATH,BOS,v1.4-mlblend,0.4744,8.69,-0.22,settled,4.0,3.0,0.0,1.0,0.2251,1.69,1.22
2026-08-09,823345,NYM,PIT,v1.4-mlblend,0.5022,8.41,-0.75,settled,11.0,1.0,0.0,0.0,0.2522,3.59,10.75
2026-08-09,823425,TOR,PHI,v1.4-mlblend,0.6381,8.7,-1.44,settled,6.0,7.0,1.0,1.0,0.131,4.3,0.44
2026-08-09,823513,ATL,NYY,v1.4-mlblend,0.6682,8.31,-0.84,settled,2.0,1.0,0.0,0.0,0.4465,5.31,1.84
2026-08-09,823835,LAA,MIA,v1.4-mlblend,0.6094,8.21,-0.89,settled,3.0,12.0,1.0,1.0,0.1526,6.79,8.11
2026-08-09,824078,CHC,KC,v1.4-mlblend,0.3598,9.78,0.18,settled,10.0,2.0,0.0,1.0,0.1295,2.22,7.82
2026-08-09,824564,CLE,CWS,v1.4-mlblend,0.5792,8.35,-0.65,settled,3.0,5.0,1.0,1.0,0.1771,0.35,1.35
2026-08-09,823751,MIN,MIL,v1.4-mlblend,0.6248,8.49,-2.35,settled,3.0,4.0,1.0,1.0,0.1408,1.49,1.35
2026-08-09,823020,COL,STL,v1.4-mlblend,0.6136,8.84,-1.24,settled,4.0,7.0,1.0,1.0,0.1493,2.16,1.76
2026-08-09,822862,BAL,TEX,v1.4-mlblend,0.5642,8.64,-0.67,settled,10.0,5.0,0.0,0.0,0.3183,6.36,5.67
2026-08-09,823190,DET,SF,v1.4-mlblend,0.4742,6.56,-0.09,settled,3.0,1.0,0.0,1.0,0.2249,2.56,2.09
2026-08-09,825050,LAD,AZ,v1.4-mlblend,0.5236,9.07,0.21,settled,2.0,4.0,1.0,1.0,0.227,3.07,2.21
2026-08-09,823104,TB,SEA,v1.4-mlblend,0.5532,7.45,-0.64,settled,4.0,1.0,0.0,0.0,0.306,2.45,3.64
2026-08-09,823268,HOU,SD,v1.4-mlblend,0.5338,7.57,-0.28,settled,2.0,7.0,1.0,1.0,0.2173,1.43,4.72
2026-08-10,822780,BOS,TOR,v1.4-mlblend,0.5845,7.94,-0.59,settled,1.0,2.0,1.0,1.0,0.1726,4.94,0.41
2026-08-10,824887,NYM,ATL,v1.4-mlblend,0.611,8.44,-0.3,settled,8.0,5.0,0.0,0.0,0.3733,4.56,3.3
2026-08-10,823675,BAL,MIN,v1.4-mlblend,0.4964,8.12,-0.51,settled,5.0,9.0,1.0,0.0,0.2536,5.88,3.49
2026-08-10,823018,PHI,STL,v1.4-mlblend,0.5573,8.81,-0.71,settled,6.0,5.0,0.0,0.0,0.3106,2.19,1.71
2026-08-10,823998,TEX,LAA,v1.4-mlblend,0.5486,8.48,-0.81,settled,4.0,1.0,0.0,0.0,0.301,3.48,3.81
2026-08-10,825048,COL,AZ,v1.4-mlblend,0.5854,9.41,-1.35,settled,0.0,9.0,1.0,1.0,0.1719,0.41,7.65
2026-08-10,824969,TB,ATH,v1.4-mlblend,0.4497,8.64,0.17,settled,10.0,6.0,0.0,1.0,0.2022,7.36,3.83
2026-08-10,823265,MIL,SD,v1.4-mlblend,0.5004,7.1,-0.01,settled,2.0,3.0,1.0,1.0,0.2496,2.1,0.99
2026-08-10,823189,HOU,SF,v1.4-mlblend,0.4493,7.61,0.15,settled,6.0,3.0,0.0,1.0,0.2019,1.39,2.85
2026-08-10,823918,KC,LAD,v1.4-mlblend,0.6915,9.0,-1.88,settled,5.0,6.0,1.0,1.0,0.0952,2.0,0.88
2026-08-11,824240,CLE,DET,v1.4-mlblend,0.4929,7.68,-0.68,settled,4.0,6.0,1.0,0.0,0.2572,2.32,1.32
2026-08-11,823832,PIT,MIA,v1.4-mlblend,0.5071,7.17,-0.6,settled,0.0,2.0,1.0,1.0,0.243,5.17,1.4
2026-08-11,822697,CHC,WSH,v1.4-mlblend,0.3798,8.93,0.18,settled,8.0,6.0,0.0,1.0,0.1442,5.07,1.82
2026-08-11,823512,SEA,NYY,v1.4-mlblend,0.5765,8.33,-0.2,settled,1.0,4.0,1.0,1.0,0.1794,3.33,2.8
2026-08-11,822778,BOS,TOR,v1.4-mlblend,0.5764,8.08,-0.97,settled,3.0,5.0,1.0,1.0,0.1794,0.08,1.03
2026-08-11,824886,NYM,ATL,v1.4-mlblend,0.5513,7.92,-0.41,settled,0.0,4.0,1.0,1.0,0.2013,3.92,3.59
2026-08-11,823673,BAL,MIN,v1.4-mlblend,0.5484,9.01,-0.46,settled,5.0,2.0,0.0,0.0,0.3007,2.01,3.46
2026-08-11,824563,CIN,CWS,v1.4-mlblend,0.5976,8.41,-0.91,settled,5.0,4.0,0.0,0.0,0.3571,0.59,1.91
2026-08-11,823019,PHI,STL,v1.4-mlblend,0.4515,8.22,0.37,settled,0.0,2.0,1.0,0.0,0.3009,6.22,2.37
2026-08-11,823997,TEX,LAA,v1.4-mlblend,0.4882,8.6,-0.58,settled,2.0,3.0,1.0,0.0,0.2619,3.6,0.42
2026-08-11,825046,COL,AZ,v1.4-mlblend,0.5583,10.02,-1.31,settled,3.0,2.0,0.0,0.0,0.3117,5.02,2.31
2026-08-11,824970,TB,ATH,v1.4-mlblend,0.4367,7.83,0.07,settled,12.0,4.0,0.0,1.0,0.1907,8.17,7.93
2026-08-11,823264,MIL,SD,v1.4-mlblend,0.4451,7.99,0.67,settled,2.0,11.0,1.0,0.0,0.3079,5.01,9.67
2026-08-11,823186,HOU,SF,v1.4-mlblend,0.4684,7.41,-0.17,settled,1.0,4.0,1.0,0.0,0.2826,2.41,2.83
2026-08-11,823917,KC,LAD,v1.4-mlblend,0.6094,9.15,-1.2,settled,4.0,5.0,1.0,1.0,0.1526,0.15,0.2
2026-08-12,823672,BAL,MIN,v1.4-mlblend,0.5299,8.92,-0.35,settled,5.0,7.0,1.0,1.0,0.221,3.08,1.65
2026-08-12,823017,PHI,STL,v1.4-mlblend,0.3967,7.55,0.79,settled,1.0,7.0,1.0,0.0,0.364,0.45,6.79
2026-08-12,824967,TB,ATH,v1.4-mlblend,0.3562,7.71,0.85,settled,8.0,4.0,0.0,1.0,0.1269,4.29,3.15
2026-08-12,825047,COL,AZ,v1.4-mlblend,0.6142,10.3,-0.91,settled,6.0,4.0,0.0,0.0,0.3772,0.3,2.91
2026-08-12,823187,HOU,SF,v1.4-mlblend,0.4446,7.4,-0.16,settled,2.0,1.0,0.0,1.0,0.1977,4.4,1.16
2026-08-12,823263,MIL,SD,v1.4-mlblend,0.4928,7.8,0.28,settled,3.0,4.0,1.0,0.0,0.2573,0.8,1.28
2026-08-12,824241,CLE,DET,v1.4-mlblend,0.4613,7.99,0.25,settled,6.0,4.0,0.0,1.0,0.2128,2.01,1.75
2026-08-12,823833,PIT,MIA,v1.4-mlblend,0.5642,8.49,-0.14,settled,2.0,8.0,1.0,1.0,0.1899,1.51,5.86
2026-08-12,822698,CHC,WSH,v1.4-mlblend,0.5031,9.8,-0.82,settled,12.0,6.0,0.0,0.0,0.2531,8.2,6.82
2026-08-12,823511,SEA,NYY,v1.4-mlblend,0.5608,8.52,-0.19,settled,5.0,10.0,1.0,1.0,0.1929,6.48,4.81
2026-08-12,822779,BOS,TOR,v1.4-mlblend,0.544,7.96,-0.59,settled,4.0,6.0,1.0,1.0,0.2079,2.04,1.41
2026-08-12,824883,NYM,ATL,v1.4-mlblend,0.5888,8.68,-0.38,settled,3.0,6.0,1.0,1.0,0.1691,0.32,2.62
2026-08-12,824562,CIN,CWS,v1.4-mlblend,0.6031,8.76,-0.67,settled,0.0,5.0,1.0,1.0,0.1575,3.76,4.33
2026-08-12,823916,KC,LAD,v1.4-mlblend,0.5744,8.98,-1.0,settled,2.0,4.0,1.0,1.0,0.1811,2.98,1.0
2026-08-12,823994,TEX,LAA,v1.4-mlblend,0.5007,8.87,-0.75,settled,2.0,5.0,1.0,1.0,0.2493,1.87,2.25
2026-08-13,824238,CLE,DET,v1.4-mlblend,0.502,7.05,-0.21,settled,0.0,3.0,1.0,1.0,0.248,4.05,2.79
2026-08-13,823829,PIT,MIA,v1.4-mlblend,0.4972,7.74,-0.08,settled,13.0,1.0,0.0,1.0,0.2472,6.26,12.08
2026-08-13,823508,SEA,NYY,v1.4-mlblend,0.6008,7.79,-0.44,settled,1.0,0.0,0.0,0.0,0.361,6.79,1.44
2026-08-13,824561,CIN,CWS,v1.4-mlblend,0.5775,8.21,-0.45,settled,9.0,8.0,0.0,0.0,0.3335,8.79,1.45
2026-08-13,822776,BOS,TOR,v1.4-mlblend,0.4889,8.4,-0.03,settled,7.0,0.0,0.0,1.0,0.239,1.4,7.03
2026-08-13,822696,CHC,WSH,v1.4-mlblend,0.4103,8.82,0.37,settled,0.0,7.0,1.0,0.0,0.3477,1.82,7.37
2026-08-13,823669,PHI,MIN,v1.4-mlblend,0.5049,9.39,-0.66,settled,7.0,1.0,0.0,0.0,0.2549,1.39,6.66
2026-08-13,823995,TEX,LAA,v1.4-mlblend,0.4432,7.98,-0.19,settled,0.0,7.0,1.0,0.0,0.31,0.98,6.81
2026-08-13,823915,MIL,LAD,v1.4-mlblend,0.5645,9.0,-0.44,settled,5.0,4.0,0.0,0.0,0.3187,0.0,1.44
2026-08-14,824643,STL,CHC,v1.4-mlblend,0.6053,9.0,-1.59,settled,0.0,3.0,1.0,1.0,0.1558,6.0,1.41
2026-08-14,824479,MIA,CIN,v1.4-mlblend,0.5431,8.85,-0.52,settled,0.0,1.0,1.0,1.0,0.2088,7.85,0.48
2026-08-14,823346,BOS,PIT,v1.4-mlblend,0.4384,7.48,-0.03,settled,4.0,8.0,1.0,0.0,0.3154,4.52,3.97
2026-08-14,824237,CWS,DET,v1.4-mlblend,0.5029,7.51,-0.42,settled,9.0,5.0,0.0,0.0,0.2529,6.49,4.42
2026-08-14,823591,WSH,NYM,v1.4-mlblend,0.558,8.92,-1.21,settled,1.0,4.0,1.0,1.0,0.1954,3.92,1.79
2026-08-14,824399,SD,CLE,v1.4-mlblend,0.5034,7.26,-0.0,settled,7.0,5.0,0.0,0.0,0.2534,4.74,2.0
2026-08-14,822942,BAL,TB,v1.4-mlblend,0.6168,8.45,-0.79,settled,6.0,5.0,0.0,0.0,0.3804,2.55,1.79
2026-08-14,824882,AZ,ATL,v1.4-mlblend,0.5772,8.91,-1.13,settled,2.0,0.0,0.0,0.0,0.3332,6.91,3.13
2026-08-14,822777,NYY,TOR,v1.4-mlblend,0.5102,9.38,0.78,settled,1.0,3.0,1.0,1.0,0.2399,5.38,2.78
2026-08-14,824159,SEA,HOU,v1.4-mlblend,0.5976,7.97,-1.69,settled,7.0,10.0,1.0,1.0,0.1619,9.03,1.31
2026-08-14,823993,KC,LAA,v1.4-mlblend,0.5448,9.86,-0.84,settled,7.0,6.0,0.0,0.0,0.2968,3.14,1.84
2026-08-14,824968,TEX,ATH,v1.4-mlblend,0.5073,7.95,-0.53,settled,3.0,8.0,1.0,1.0,0.2428,3.05,4.47
2026-08-14,823913,MIL,LAD,v1.4-mlblend,0.6224,8.05,-1.13,settled,1.0,3.0,1.0,1.0,0.1426,4.05,0.87
2026-08-14,823185,COL,SF,v1.4-mlblend,0.5466,8.35,-0.95,settled,5.0,2.0,0.0,0.0,0.2988,1.35,3.95
2026-08-15,824239,CWS,DET,v1.4-mlblend,0.5682,7.5,-1.17,settled,4.0,3.0,0.0,0.0,0.3229,0.5,2.17
2026-08-15,824644,STL,CHC,v1.4-mlblend,0.506,8.64,-0.48,settled,8.0,4.0,0.0,0.0,0.256,3.36,4.48
2026-08-15,822775,NYY,TOR,v1.4-mlblend,0.4613,8.06,-0.05,settled,1.0,4.0,1.0,0.0,0.2902,3.06,2.95
2026-08-15,823184,COL,SF,v1.4-mlblend,0.6596,8.48,-1.8,settled,1.0,7.0,1.0,1.0,0.1159,0.48,4.2
2026-08-15,823588,WSH,NYM,v1.4-mlblend,0.5791,9.06,-1.08,settled,4.0,5.0,1.0,1.0,0.1772,0.06,0.08
2026-08-15,822941,BAL,TB,v1.4-mlblend,0.6479,7.72,-1.36,settled,4.0,3.0,0.0,0.0,0.4198,0.72,2.36
2026-08-15,824480,MIA,CIN,v1.4-mlblend,0.5283,9.46,0.01,settled,8.0,4.0,0.0,0.0,0.2791,2.54,3.99
2026-08-15,824400,SD,CLE,v1.4-mlblend,0.5338,7.67,-0.42,settled,1.0,6.0,1.0,1.0,0.2173,0.67,4.58
2026-08-15,824157,SEA,HOU,v1.4-mlblend,0.499,8.25,-0.45,settled,10.0,5.0,0.0,1.0,0.249,6.75,5.45
2026-08-15,823671,PHI,MIN,v1.4-mlblend,0.4423,8.92,0.06,settled,9.0,1.0,0.0,1.0,0.1956,1.08,7.94
2026-08-15,823347,BOS,PIT,v1.4-mlblend,0.4781,7.78,-0.64,settled,4.0,0.0,0.0,1.0,0.2286,3.78,4.64
2026-08-15,824884,AZ,ATL,v1.4-mlblend,0.5747,8.65,-0.86,settled,10.0,3.0,0.0,0.0,0.3303,4.35,7.86
2026-08-15,823914,MIL,LAD,v1.4-mlblend,0.4426,7.98,0.55,settled,4.0,1.0,0.0,1.0,0.1959,2.98,2.45
2026-08-15,823990,KC,LAA,v1.4-mlblend,0.589,8.97,-1.11,settled,0.0,1.0,1.0,1.0,0.1689,7.97,0.11
2026-08-15,824966,TEX,ATH,v1.4-mlblend,0.5149,7.82,-0.82,settled,5.0,3.0,0.0,0.0,0.2651,0.18,2.82
2026-08-16,822940,BAL,TB,v1.4-mlblend,0.5899,7.67,-0.81,settled,10.0,2.0,0.0,0.0,0.348,4.33,8.81
2026-08-16,823344,BOS,PIT,v1.4-mlblend,0.4916,7.8,-0.72,settled,3.0,8.0,1.0,0.0,0.2585,3.2,4.28
2026-08-16,824880,AZ,ATL,v1.4-mlblend,0.5408,7.87,-0.62,settled,3.0,5.0,1.0,1.0,0.2109,0.13,1.38
2026-08-16,822774,NYY,TOR,v1.4-mlblend,0.5356,8.32,-0.41,settled,4.0,3.0,0.0,0.0,0.2869,1.32,1.41
2026-08-16,823590,WSH,NYM,v1.4-mlblend,0.5898,8.85,-1.55,settled,3.0,4.0,1.0,1.0,0.1683,1.85,0.55
2026-08-16,824397,SD,CLE,v1.4-mlblend,0.522,7.01,-0.23,settled,5.0,0.0,0.0,0.0,0.2725,2.01,5.23
2026-08-16,824236,CWS,DET,v1.4-mlblend,0.481,8.28,-0.71,settled,7.0,5.0,0.0,1.0,0.2314,3.72,2.71
2026-08-16,824477,MIA,CIN,v1.4-mlblend,0.4683,9.4,0.87,settled,7.0,1.0,0.0,1.0,0.2193,1.4,5.13
2026-08-16,823670,PHI,MIN,v1.4-mlblend,0.5714,9.8,-1.02,settled,7.0,5.0,0.0,0.0,0.3265,2.2,3.02
2026-08-16,824642,STL,CHC,v1.4-mlblend,0.5435,8.75,-0.81,settled,11.0,4.0,0.0,0.0,0.2954,6.25,7.81
2026-08-16,823182,COL,SF,v1.4-mlblend,0.5044,7.92,-0.48,settled,13.0,7.0,0.0,0.0,0.2544,12.08,6.48
2026-08-16,824965,TEX,ATH,v1.4-mlblend,0.4759,8.18,-0.19,settled,2.0,5.0,1.0,0.0,0.2747,1.18,2.81
2026-08-16,823991,KC,LAA,v1.4-mlblend,0.5086,9.43,-0.88,settled,3.0,0.0,0.0,0.0,0.2587,6.43,3.88
2026-08-16,823912,MIL,LAD,v1.4-mlblend,0.5484,8.18,-0.4,settled,6.0,2.0,0.0,0.0,0.3007,0.18,4.4
2026-08-16,824156,SEA,HOU,v1.4-mlblend,0.4444,7.53,0.05,settled,3.0,2.0,0.0,1.0,0.1975,2.53,0.95
2026-08-17,824514,STL,CIN,v1.4-mlblend,0.5526,9.67,-0.68,open,,,,,,,
2026-08-17,824478,STL,CIN,v1.4-mlblend,0.5372,9.9,-0.24,settled,5.0,6.0,1.0,1.0,0.2142,1.1,0.76
2026-08-17,822939,BAL,TB,v1.4-mlblend,0.6644,7.8,-1.23,settled,6.0,7.0,1.0,1.0,0.1126,5.2,0.23
2026-08-17,823427,MIA,PHI,v1.4-mlblend,0.6146,8.62,-0.4,settled,5.0,6.0,1.0,1.0,0.1485,2.38,0.6
2026-08-17,823343,DET,PIT,v1.4-mlblend,0.4947,8.76,-0.32,settled,8.0,5.0,0.0,1.0,0.2447,4.24,3.32
2026-08-17,824725,AZ,BOS,v1.4-mlblend,0.4738,9.41,-0.54,settled,1.0,11.0,1.0,0.0,0.2769,2.59,9.46
2026-08-17,823589,SD,NYM,v1.4-mlblend,0.6105,8.07,-1.49,settled,1.0,2.0,1.0,1.0,0.1517,5.07,0.49
2026-08-17,824077,ATH,KC,v1.4-mlblend,0.4577,10.26,-1.12,settled,5.0,9.0,1.0,0.0,0.2941,3.74,2.88
2026-08-17,823668,ATL,MIN,v1.4-mlblend,0.4751,8.81,0.43,settled,2.0,4.0,1.0,0.0,0.2755,2.81,2.43
2026-08-17,824641,CWS,CHC,v1.4-mlblend,0.5782,8.02,-1.1,settled,5.0,7.0,1.0,1.0,0.1779,3.98,0.9
2026-08-17,824320,LAD,COL,v1.4-mlblend,0.4143,11.66,0.49,settled,11.0,5.0,0.0,1.0,0.1716,4.34,5.51
2026-08-18,824803,NYY,BAL,v1.4-mlblend,0.5037,8.49,0.54,settled,3.0,1.0,0.0,0.0,0.2537,4.49,1.46
2026-08-18,823341,DET,PIT,v1.4-mlblend,0.4937,8.1,-0.42,settled,1.0,4.0,1.0,0.0,0.2563,3.1,2.58
2026-08-18,824398,SF,CLE,v1.4-mlblend,0.6385,7.55,-1.03,settled,1.0,8.0,1.0,1.0,0.1307,1.45,5.97
2026-08-18,824475,STL,CIN,v1.4-mlblend,0.5098,9.73,0.16,settled,3.0,0.0,0.0,0.0,0.2599,6.73,2.84
2026-08-18,822938,TOR,TB,v1.4-mlblend,0.6035,7.9,-0.66,settled,10.0,5.0,0.0,0.0,0.3642,7.1,5.66
2026-08-18,823423,MIA,PHI,v1.4-mlblend,0.5771,7.79,-0.88,settled,4.0,6.0,1.0,1.0,0.1788,2.21,1.12
2026-08-18,824723,AZ,BOS,v1.4-mlblend,0.5913,9.86,-0.74,settled,4.0,9.0,1.0,1.0,0.167,3.14,4.26
2026-08-18,823586,SD,NYM,v1.4-mlblend,0.5651,7.95,-0.62,settled,5.0,2.0,0.0,0.0,0.3193,0.95,3.62
2026-08-18,824075,ATH,KC,v1.4-mlblend,0.4392,9.81,-1.17,settled,3.0,4.0,1.0,0.0,0.3145,2.81,0.17
2026-08-18,823667,ATL,MIN,v1.4-mlblend,0.5375,9.66,-0.29,settled,1.0,4.0,1.0,1.0,0.2139,4.66,2.71
2026-08-18,823749,SEA,MIL,v1.4-mlblend,0.5423,7.84,-0.93,settled,0.0,22.0,1.0,1.0,0.2095,14.16,21.07
2026-08-18,822859,WSH,TEX,v1.4-mlblend,0.5201,9.12,-0.83,settled,0.0,5.0,1.0,1.0,0.2303,4.12,4.17
2026-08-18,824639,CWS,CHC,v1.4-mlblend,0.5488,8.41,-0.67,settled,3.0,4.0,1.0,1.0,0.2036,1.41,0.33
2026-08-18,824154,LAA,HOU,v1.4-mlblend,0.5682,9.24,-0.98,settled,3.0,1.0,0.0,0.0,0.3229,5.24,2.98
2026-08-18,824319,LAD,COL,v1.4-mlblend,0.3888,11.52,0.56,settled,7.0,6.0,0.0,1.0,0.1512,1.48,0.44
2026-08-19,823342,DET,PIT,v1.4-mlblend,0.5529,8.41,-1.07,settled,3.0,4.0,1.0,1.0,0.1999,1.41,0.07
2026-08-19,823587,SD,NYM,v1.4-mlblend,0.5128,7.48,-0.23,settled,2.0,4.0,1.0,1.0,0.2374,1.48,1.77
2026-08-19,823664,ATL,MIN,v1.4-mlblend,0.5038,8.99,-0.18,settled,4.0,6.0,1.0,1.0,0.2462,1.01,1.82
2026-08-19,824640,CWS,CHC,v1.4-mlblend,0.5572,8.19,-0.74,settled,3.0,0.0,0.0,0.0,0.3105,5.19,3.74
2026-08-19,824722,AZ,BOS,v1.4-mlblend,0.5354,9.22,-0.92,settled,7.0,6.0,0.0,0.0,0.2867,3.78,1.92
2026-08-19,823424,MIA,PHI,v1.4-mlblend,0.5746,9.03,-0.31,settled,1.0,4.0,1.0,1.0,0.181,4.03,2.69
2026-08-19,824801,NYY,BAL,v1.4-mlblend,0.5052,9.13,0.58,settled,5.0,3.0,0.0,0.0,0.2552,1.13,1.42
2026-08-19,824394,SF,CLE,v1.4-mlblend,0.6213,7.79,-1.11,settled,1.0,0.0,0.0,0.0,0.386,6.79,2.11
2026-08-19,824476,STL,CIN,v1.4-mlblend,0.6015,9.76,-1.05,settled,4.0,5.0,1.0,1.0,0.1588,0.76,0.05
2026-08-19,822937,TOR,TB,v1.4-mlblend,0.6527,7.78,-1.6,settled,6.0,7.0,1.0,1.0,0.1206,5.22,0.6
2026-08-19,824076,ATH,KC,v1.4-mlblend,0.426,10.04,-0.86,settled,7.0,9.0,1.0,0.0,0.3295,5.96,1.14
2026-08-19,823748,SEA,MIL,v1.4-mlblend,0.4693,8.11,0.15,settled,7.0,5.0,0.0,1.0,0.2202,3.89,1.85
2026-08-19,822860,WSH,TEX,v1.4-mlblend,0.5057,9.14,-0.93,settled,6.0,0.0,0.0,0.0,0.2557,3.14,6.93
2026-08-19,824155,LAA,HOU,v1.4-mlblend,0.5442,8.16,-0.33,settled,2.0,3.0,1.0,1.0,0.2078,3.16,0.67
2026-08-19,824318,LAD,COL,v1.4-mlblend,0.407,11.61,1.52,settled,6.0,4.0,0.0,1.0,0.1656,1.61,0.48
2026-08-20,824474,STL,CIN,v1.4-mlblend,0.5475,9.41,-0.3,settled,10.0,9.0,0.0,0.0,0.2998,9.59,1.3
2026-08-20,824395,SF,CLE,v1.4-mlblend,0.5562,7.92,-0.59,open,,,,,,,
2026-08-20,822934,TOR,TB,v1.4-mlblend,0.637,7.92,-1.31,open,,,,,,,
2026-08-20,824074,ATH,KC,v1.4-mlblend,0.4264,10.21,-0.73,open,,,,,,,
2026-08-20,824589,ATL,CWS,v1.4-mlblend,0.5435,8.03,-0.23,open,,,,,,,
2026-08-20,823747,SEA,MIL,v1.4-mlblend,0.5942,8.75,-1.26,open,,,,,,,
2026-08-20,824802,NYY,BAL,v1.4-mlblend,0.4695,8.76,0.39,open,,,,,,,
2026-08-20,822861,WSH,TEX,v1.4-mlblend,0.5965,9.02,-1.66,open,,,,,,,
2026-08-20,824153,LAA,HOU,v1.4-mlblend,0.6406,8.4,-1.55,open,,,,,,,
